Erlang/OTP 28 [erts-16.4.0.2] [source] [64-bit] [smp:16:16] [ds:16:16:10] [async-threads:1] [jit]

Elixir 1.20.2 (compiled with Erlang/OTP 28)
    warning: Application.get_env/2 is discouraged in the module body, use Application.compile_env/3 instead
    │
 12 │   if is_nil(Application.get_env(:ash, :default_string_length_count)) do
    │                         ~
    │
    └─ /Users/sac/wt/v26922/v23/R1-X-LOCK/deps/ex4pm/mix.exs:12:25: Ex4pm.MixProject (module)

==> sparql_client
Compiling 9 files (.ex)
Generated sparql_client app
==> opentelemetry_api
Compiling 19 files (.erl)
Compiling 5 files (.ex)
Generated opentelemetry_api app
==> opentelemetry_process_propagator
Compiling 1 file (.erl)
Compiling 4 files (.ex)
Generated opentelemetry_process_propagator app
==> opentelemetry_ash
Compiling 1 file (.ex)
    warning: comparison between distinct types found:

        allowed_types == nil

    given types:

        dynamic(
          (atom() and not(false, nil)) or bitstring() or empty_list() or float() or fun() or integer() or
            map() or non_empty_list(term(), term()) or pid() or port() or reference() or {...}
        ) == nil

    where "allowed_types" was given the type:

        # type: dynamic(
          (atom() and not(false, nil)) or bitstring() or empty_list() or float() or fun() or integer() or
            map() or non_empty_list(term(), term()) or pid() or port() or reference() or {...}
        )
        # from: lib/opentelemetry_ash.ex:52:19
        allowed_types = Application.get_env(:opentelemetry_ash, :trace_types) || [:custom, :action, :flow]

    While Elixir can compare across all types, you are comparing across types which are always disjoint, and the result is either always true or always false

    type warning found at:
    │
 55 │     is_nil(allowed_types) || Enum.member?(allowed_types, type)
    │     ~~~~~~~~~~~~~~~~~~~~~~~~~~~~~~~~~~~~~~~~~~~~~~~~~~~~~~~~~~
    │
    └─ lib/opentelemetry_ash.ex:55: OpentelemetryAsh.trace_type?/1

Generated opentelemetry_ash app
==> absinthe
Compiling 1 file (.erl)
Compiling 265 files (.ex)
Generated absinthe app
==> prom_ex
Compiling 37 files (.ex)
    warning: unused require Logger
    │
  7 │   require Logger
    │   ~
    │
    └─ lib/prom_ex/dashboard_renderer.ex:7:3

     warning: unused require Logger
     │
 112 │     require Logger
     │     ~
     │
     └─ lib/prom_ex/plugins/plug_router.ex:112:5

    warning: unused require Logger
    │
 37 │     require Logger
    │     ~
    │
    └─ lib/prom_ex/plugins/broadway.ex:37:5

Generated prom_ex app
==> absinthe_plug
Compiling 18 files (.ex)
     warning: unused require Logger
     │
 123 │   require Logger
     │   ~
     │
     └─ lib/absinthe/plug.ex:123:3

Generated absinthe_plug app
==> ash_graphql
Compiling 62 files (.ex)
Generated ash_graphql app
==> ash_r2rml
Compiling 111 files (.ex)
    warning: unused require Logger
    │
 16 │   require Logger
    │   ~
    │
    └─ lib/ash_r2rml/telemetry/ocel_ash_emitter.ex:16:3

     warning: this clause of defp spark_resource?/1 is never used (or it will always fail/warn when invoked)
     │
 674 │   defp spark_resource?(_), do: false
     │        ~
     │
     └─ lib/ash_r2rml/resource.ex:674:8: AshR2RML.Resource.LegacyAdapter.spark_resource?/1

     warning: the following conditional expression:

         dest_attr

     will always evaluate to:

         dynamic(not false and not nil)

     where "dest_attr" was given the type:

         # type: dynamic(not false and not nil)
         # from: lib/ash_r2rml/resource.ex:635:27
         dest_attr = (rel && (rel.destination_attribute || Map.get(rel, :destination_attribute))) || :id

     type warning found at:
     │
 642 │                   parent_column: dest_attr && to_string(dest_attr)
     │                   ~~~~~~~~~~~~~~~~~~~~~~~~~~~~~~~~~~~~~~~~~~~~~~~~
     │
     └─ lib/ash_r2rml/resource.ex:642: AshR2RML.Resource.LegacyAdapter.convert/1

    warning: the following conditional expression:

        dest_attr

    will always evaluate to:

        dynamic(not false and not nil)

    where "dest_attr" was given the type:

        # type: dynamic(not false and not nil)
        # from: lib/ash_r2rml/persist_mapping.ex:74:19
        dest_attr = (dsl_rel && Map.get(dsl_rel, :destination_attribute)) || :id

    type warning found at:
    │
 84 │           parent_column: dest_attr && to_string(dest_attr)
    │           ~~~~~~~~~~~~~~~~~~~~~~~~~~~~~~~~~~~~~~~~~~~~~~~~
    │
    └─ lib/ash_r2rml/persist_mapping.ex:84: AshR2RML.PersistMapping.transform/1

     warning: comparison between distinct types found:

         v == nil

     given types:

         binary() == nil

     where "v" was given the type:

         # type: binary()
         # from: lib/ash_r2rml/telemetry/ocel_ash_emitter.ex:173:13
         is_binary(v)

     While Elixir can compare across all types, you are comparing across types which are always disjoint, and the result is either always true or always false

     type warning found at:
     │
 173 │             is_binary(v) and String.ends_with?(to_string(k), "_id") and not is_nil(v) do
     │             ~~~~~~~~~~~~~~~~~~~~~~~~~~~~~~~~~~~~~~~~~~~~~~~~~~~~~~~~~~~~~~~~~~~~~~~~~~~~
     │
     └─ lib/ash_r2rml/telemetry/ocel_ash_emitter.ex:173: AshR2RML.Telemetry.OcelAshEmitter.build_ocel_event/3

    warning: incompatible types given to Map.get/2:

        Map.get(resource_mapping, :module)

    the map:

        dynamic(%AshR2RML.Mapping.Resource{})

    does not have all required keys:

        :module

    therefore this function will always return nil

    where "resource_mapping" was given the type:

        # type: dynamic(%AshR2RML.Mapping.Resource{})
        # from: lib/ash_r2rml/policy.ex:25:36
        %AshR2RML.Mapping.Resource{} = resource_mapping

    type warning found at:
    │
 26 │     resource_module = Map.get(resource_mapping, :ash_resource) || Map.get(resource_mapping, :module)
    │                                                                       ~
    │
    └─ lib/ash_r2rml/policy.ex:26:71: AshR2RML.Policy.filter_for_actor/3

     warning: the following clause will never match:

         {:error, []} ->

     because it attempts to match on the result of:

         AshR2RML.Mapping.validate(bundle)

     which has type:

         dynamic(:ok or {:error, not empty_list()})

     type warning found at:
     │
 449 │         {:error, []} -> {:ok, bundle}
     │         ~~~~~~~~~~~~~~~~~~~~~~~~~~~~~
     │
     └─ lib/ash_r2rml/compiler.ex:449: AshR2RML.Compiler.compile_resources/1

     warning: this clause of defp substitute_field/3 is never used (or it will always fail/warn when invoked)
     │
 443 │   defp substitute_field(_subject_map, _field, _value), do: nil
     │        ~
     │
     └─ lib/ash_r2rml/obda_in_memory.ex:443:8: AshR2RML.OBDA.InMemory.substitute_field/3

     warning: the following clause cannot match because the previous clauses already matched all possible values:

         {:error, reason} ->

     it attempts to match on the result of:

         dispatch_result

     which has the already matched type:

         dynamic({:error, {:offline_buffered, term()}} or {:ok, term()})

     where "reason" was given the type:

         # type: dynamic({:offline_buffered, term()})
         # from: lib/ash_r2rml/telemetry/fly_client.ex
         {:error, reason}

     type warning found at:
     │
 562 │       {:error, reason} ->
     │                        ~
     │
     └─ lib/ash_r2rml/telemetry/fly_client.ex:562:24: AshR2RML.Telemetry.FlyClient.do_flush/1

Generated ash_r2rml app
==> ash_a2a
Compiling 40 files (.ex)
    warning: variable "action" is unused (if the variable is not meant to be used, prefix it with an underscore)
    │
 23 │     with {:ok, skill, action, consequence} <- inspect_target(command, resource_or_domain),
    │                       ~
    │
    └─ lib/ash_a2a/command_bus.ex:23:23: AshA2A.CommandBus.run/4

    warning: def admit/3 has multiple clauses and also declares default values. In such cases, the default values should be defined in a header. Instead of:

        def foo(:first_clause, b \\ :default) do ... end
        def foo(:second_clause, b) do ... end

    one should write:

        def foo(a, b \\ :default)
        def foo(:first_clause, b) do ... end
        def foo(:second_clause, b) do ... end

    the previous clause is defined on line 45

    │
 55 │   def admit(_record, desired_state, _action), do: {:error, {:unknown_a2a_state, desired_state}}
    │       ~
    │
    └─ lib/ash_a2a/task_lifecycle.ex:55:7

    warning: module attribute @impl was not set for function after?/1 callback (specified in Spark.Dsl.Transformer). This either means you forgot to add the "@impl true" annotation before the definition or that you are accidentally overriding this callback
    │
 14 │   def after?(_), do: false
    │   ~~~~~~~~~~~~~~~~~~~~~~~~
    │
    └─ lib/ash_a2a/transformers/build_capability_index.ex:14: AshA2A.Transformers.BuildCapabilityIndex (module)

Generated ash_a2a app
==> ash_money
Compiling 6 files (.ex)
    warning: unused require Igniter.Code.Common
    │
 14 │     require Igniter.Code.Common
    │     ~
    │
    └─ lib/mix/tasks/ash_money.add_to_ash_postgres.ex:14:5

     warning: the following clause will never match:

         {:error, other} ->

     because it attempts to match on the result of:

         cast_input(value, constraints)

     which has type:

         dynamic({:ok, %Money{format_options: empty_list() or non_empty_list(term(), term())}})

     type warning found at:
     │
 355 │   @doc """
     │   ~~~~~~~~
     │
     └─ /Users/sac/wt/v26922/v23/R1-X-LOCK/deps/ash/lib/ash/type/type.ex:355: AshMoney.Types.Money.cast_atomic/2

     warning: the following clause cannot match because the previous clauses already matched all possible values:

         _ ->

     it attempts to match on the result of:

         Money.mult(left, right)

     which has the already matched type:

         dynamic({:ok, %Money{}})

     type warning found at:
     │
 278 │       _ ->
     │         ~
     │
     └─ lib/ash_money/types/money.ex:278:9: AshMoney.Types.Money.evaluate_operator/1

     warning: the following clause cannot match because the previous clauses already matched all possible values:

         _ ->

     it attempts to match on the result of:

         Money.mult(right, left)

     which has the already matched type:

         dynamic({:ok, %Money{}})

     type warning found at:
     │
 292 │       _ ->
     │         ~
     │
     └─ lib/ash_money/types/money.ex:292:9: AshMoney.Types.Money.evaluate_operator/1

     warning: the following clause cannot match because the previous clauses already matched all possible values:

         _ ->

     it attempts to match on the result of:

         Money.mult(left, right)

     which has the already matched type:

         dynamic({:ok, %Money{}})

     type warning found at:
     │
 305 │       _ ->
     │         ~
     │
     └─ lib/ash_money/types/money.ex:305:9: AshMoney.Types.Money.evaluate_operator/1

     warning: the following clause cannot match because the previous clauses already matched all possible values:

         _ ->

     it attempts to match on the result of:

         Money.mult(right, left)

     which has the already matched type:

         dynamic({:ok, %Money{}})

     type warning found at:
     │
 318 │       _ ->
     │         ~
     │
     └─ lib/ash_money/types/money.ex:318:9: AshMoney.Types.Money.evaluate_operator/1

Generated ash_money app
     warning: the following clause cannot match because the previous clauses already matched all possible values:

         version ->

     it attempts to match on the result of:

         System.get_env("ASH_VERSION")

     which has the already matched type:

         dynamic(nil or binary())

     where "version" was given the type:

         # type: dynamic(nil or binary())
         # from: mix.exs:185:7
         version

     type warning found at:
     │
 185 │       version ->
     │               ~
     │
     └─ mix.exs:185:15: AshDoubleEntry.MixProject.ash_version/1

==> ash_double_entry
Compiling 17 files (.ex)
Generated ash_double_entry app
==> ash_archival
Compiling 8 files (.ex)
Generated ash_archival app
    warning: Application.get_env/2 is discouraged in the module body, use Application.compile_env/3 instead
    │
 12 │   if is_nil(Application.get_env(:ash, :default_string_length_count)) do
    │                         ~
    │
    └─ /Users/sac/wt/v26922/v23/R1-X-LOCK/deps/ex4pm/mix.exs:12:25: Ex4pm.MixProject (module)

==> stream_data
Compiling 3 files (.ex)
Generated stream_data app
==> gen_stage
Compiling 10 files (.ex)
     warning: unused require Logger
     │
 103 │   require Logger
     │   ~
     │
     └─ lib/gen_stage/dispatchers/partition_dispatcher.ex:103:3

Generated gen_stage app
==> floki
Compiling 2 files (.erl)
Compiling 30 files (.ex)
Generated floki app
==> uri_query
Compiling 1 file (.ex)
    warning: missing parentheses for expression following "do:" keyword. Parentheses are required to solve ambiguity inside keywords.

    This error happens when you have function calls without parentheses inside keywords. For example:

        function(arg, one: nested_call a, b, c)
        function(arg, one: if expr, do: :this, else: :that)

    In the examples above, we don't know if the arguments "b" and "c" apply to the function "function" or "nested_call". Or if the keywords "do" and "else" apply to the function "function" or "if". You can solve this by explicitly adding parentheses:

        function(arg, one: if(expr, do: :this, else: :that))
        function(arg, one: nested_call(a, b, c))

    Ambiguity found at:
    │
 40 │   def params(_, _), do: raise ArgumentError, @noKVListError
    │   ~~~~~~~~~~~~~~~~~~~~~~~~~~~~~~~~~~~~~~~~~~~~~~~~~~~~~~~~~
    │
    └─ lib/uri_query.ex:40

    warning: missing parentheses for expression following "do:" keyword. Parentheses are required to solve ambiguity inside keywords.

    This error happens when you have function calls without parentheses inside keywords. For example:

        function(arg, one: nested_call a, b, c)
        function(arg, one: if expr, do: :this, else: :that)

    In the examples above, we don't know if the arguments "b" and "c" apply to the function "function" or "nested_call". Or if the keywords "do" and "else" apply to the function "function" or "if". You can solve this by explicitly adding parentheses:

        function(arg, one: if(expr, do: :this, else: :that))
        function(arg, one: nested_call(a, b, c))

    Ambiguity found at:
    │
 74 │   defp accumulate_kv_pair(_, _, _, _, _), do: raise ArgumentError, @noKVListError
    │   ~~~~~~~~~~~~~~~~~~~~~~~~~~~~~~~~~~~~~~~~~~~~~~~~~~~~~~~~~~~~~~~~~~~~~~~~~~~~~~~
    │
    └─ lib/uri_query.ex:74

Generated uri_query app
==> eternal
Compiling 5 files (.ex)
Generated eternal app
==> ymlr
Compiling 3 files (.ex)
Generated ymlr app
==> mime
Compiling 1 file (.ex)
Generated mime app
==> toml
Compiling 10 files (.ex)
     warning: using single-quoted strings to represent charlists is deprecated.
     Use ~c"" if you indeed want a charlist or use "" instead.
     You may run "mix format --migrate" to change all single-quoted
     strings to use the ~c sigil and fix this warning.
     │
 264 │   defp handle_token(lexer, original, doc, type, skip, _data, lines) when type in '-_' do
     │                                                                                  ~
     │
     └─ lib/decoder.ex:264:82

     warning: using single-quoted strings to represent charlists is deprecated.
     Use ~c"" if you indeed want a charlist or use "" instead.
     You may run "mix format --migrate" to change all single-quoted
     strings to use the ~c sigil and fix this warning.
     │
 371 │       {:ok, {type, _skip, _data, _lines}} when type in '-+' ->
     │                                                        ~
     │
     └─ lib/decoder.ex:371:56

     warning: using single-quoted strings to represent charlists is deprecated.
     Use ~c"" if you indeed want a charlist or use "" instead.
     You may run "mix format --migrate" to change all single-quoted
     strings to use the ~c sigil and fix this warning.
     │
 419 │           {:ok, {:alpha, _, <<c::utf8>>, _}} when c in 'eE' ->
     │                                                        ~
     │
     └─ lib/decoder.ex:419:56

     warning: using single-quoted strings to represent charlists is deprecated.
     Use ~c"" if you indeed want a charlist or use "" instead.
     You may run "mix format --migrate" to change all single-quoted
     strings to use the ~c sigil and fix this warning.
     │
 474 │       {:ok, {:alpha, _, <<c::utf8>>, _}} when c in 'eE' ->
     │                                                    ~
     │
     └─ lib/decoder.ex:474:52

     warning: using single-quoted strings to represent charlists is deprecated.
     Use ~c"" if you indeed want a charlist or use "" instead.
     You may run "mix format --migrate" to change all single-quoted
     strings to use the ~c sigil and fix this warning.
     │
 514 │       {:ok, {sign, _, _, _}} when sign in '-+' and last == ?e ->
     │                                           ~
     │
     └─ lib/decoder.ex:514:43

     warning: using single-quoted strings to represent charlists is deprecated.
     Use ~c"" if you indeed want a charlist or use "" instead.
     You may run "mix format --migrate" to change all single-quoted
     strings to use the ~c sigil and fix this warning.
     │
 518 │       {:ok, {:alpha, _, <<c::utf8>>, _}} when c in 'eE' and signal == ?. ->
     │                                                    ~
     │
     └─ lib/decoder.ex:518:52

     warning: using single-quoted strings to represent charlists is deprecated.
     Use ~c"" if you indeed want a charlist or use "" instead.
     You may run "mix format --migrate" to change all single-quoted
     strings to use the ~c sigil and fix this warning.
     │
 522 │       {:ok, {?_, skip, _, lines}} when last not in '_e.' ->
     │                                                    ~
     │
     └─ lib/decoder.ex:522:52

     warning: using single-quoted strings to represent charlists is deprecated.
     Use ~c"" if you indeed want a charlist or use "" instead.
     You may run "mix format --migrate" to change all single-quoted
     strings to use the ~c sigil and fix this warning.
     │
 538 │       {:ok, {type, skip, data, lines}} when last in 'e.' ->
     │                                                     ~
     │
     └─ lib/decoder.ex:538:53

     warning: using single-quoted strings to represent charlists is deprecated.
     Use ~c"" if you indeed want a charlist or use "" instead.
     You may run "mix format --migrate" to change all single-quoted
     strings to use the ~c sigil and fix this warning.
     │
 542 │       {:ok, {_type, skip, _data, lines} = token} when last not in '_e.' ->
     │                                                                   ~
     │
     └─ lib/decoder.ex:542:67

     warning: using single-quoted strings to represent charlists is deprecated.
     Use ~c"" if you indeed want a charlist or use "" instead.
     You may run "mix format --migrate" to change all single-quoted
     strings to use the ~c sigil and fix this warning.
     │
 682 │         {:ok, {sign, _, _, _}} when sign in '-+' ->
     │                                             ~
     │
     └─ lib/decoder.ex:682:45

     warning: using single-quoted strings to represent charlists is deprecated.
     Use ~c"" if you indeed want a charlist or use "" instead.
     You may run "mix format --migrate" to change all single-quoted
     strings to use the ~c sigil and fix this warning.
     │
 796 │       {:ok, {sign, _, _, _}} when sign in '-+' ->
     │                                           ~
     │
     └─ lib/decoder.ex:796:43

     warning: using single-quoted strings to represent charlists is deprecated.
     Use ~c"" if you indeed want a charlist or use "" instead.
     You may run "mix format --migrate" to change all single-quoted
     strings to use the ~c sigil and fix this warning.
     │
 916 │         {:ok, {type, skip, _, lines}} when type in '-_' ->
     │                                                    ~
     │
     └─ lib/decoder.ex:916:52

     warning: using single-quoted strings to represent charlists is deprecated.
     Use ~c"" if you indeed want a charlist or use "" instead.
     You may run "mix format --migrate" to change all single-quoted
     strings to use the ~c sigil and fix this warning.
     │
 954 │               {:ok, {type, _, _, _}} when type in '-_' ->
     │                                                   ~
     │
     └─ lib/decoder.ex:954:51

     warning: using single-quoted strings to represent charlists is deprecated.
     Use ~c"" if you indeed want a charlist or use "" instead.
     You may run "mix format --migrate" to change all single-quoted
     strings to use the ~c sigil and fix this warning.
     │
 969 │       {:ok, {type, _, _, _}} when type in '-_' ->
     │                                           ~
     │
     └─ lib/decoder.ex:969:43

     warning: using single-quoted strings to represent charlists is deprecated.
     Use ~c"" if you indeed want a charlist or use "" instead.
     You may run "mix format --migrate" to change all single-quoted
     strings to use the ~c sigil and fix this warning.
     │
 983 │           {:ok, {type, _, _, _}} when type in '-_' ->
     │                                               ~
     │
     └─ lib/decoder.ex:983:47

     warning: the following clause will never match:

         {:datetime, {:error, :invalid_date}} ->

     it is expected to match on type:

         dynamic(
           {:date,
            ({:error, :invalid_date} and not {:ok, {integer(), integer(), integer()}}) or
              {:error, :incompatible_calendars or :invalid_format} or {:ok, %Date{}}} and
             not {:date, {:ok, %Date{}}}
         )

     type warning found at:
     │
 722 │       {:datetime, {:error, :invalid_date}} ->
     │       ~~~~~~~~~~~~~~~~~~~~~~~~~~~~~~~~~~~~~~~
     │
     └─ lib/decoder.ex:722: Toml.Decoder.datetime/3

     warning: the following clause will never match:

         {:datetime, {:error, reason}} ->

     it is expected to match on type:

         dynamic(
           {:date,
            ({:error, :invalid_date} and not {:ok, {integer(), integer(), integer()}}) or
              {:error, :incompatible_calendars or :invalid_format} or {:ok, %Date{}}} and
             not {:date, {:ok, %Date{}}}
         )

     type warning found at:
     │
 725 │       {:datetime, {:error, reason}} ->
     │       ~~~~~~~~~~~~~~~~~~~~~~~~~~~~~~~~
     │
     └─ lib/decoder.ex:725: Toml.Decoder.datetime/3

     warning: the following clause will never match:

         {:error, _, _, _} = err ->

     it is expected to match on type:

         dynamic(
           {:date,
            ({:error, :invalid_date} and not {:ok, {integer(), integer(), integer()}}) or
              {:error, :incompatible_calendars or :invalid_format} or {:ok, %Date{}}} and
             not {:date, {:ok, %Date{}}}
         )

     type warning found at:
     │
 728 │       {:error, _, _, _} = err ->
     │                         ~
     │
     └─ lib/decoder.ex:728:25: Toml.Decoder.datetime/3

     warning: the following clause will never match:

         {:ok, {type, skip, data, lines}} ->

     it is expected to match on type:

         dynamic(
           {:date,
            ({:error, :invalid_date} and not {:ok, {integer(), integer(), integer()}}) or
              {:error, :incompatible_calendars or :invalid_format} or {:ok, %Date{}}} and
             not {:date, {:ok, %Date{}}}
         )

     type warning found at:
     │
 731 │       {:ok, {type, skip, data, lines}} ->
     │       ~~~~~~~~~~~~~~~~~~~~~~~~~~~~~~~~~~~
     │
     └─ lib/decoder.ex:731: Toml.Decoder.datetime/3

Generated toml app
==> nimble_options
Compiling 3 files (.ex)
Generated nimble_options app
==> fine
Compiling 1 file (.ex)
Generated fine app
==> multigraph
Compiling 16 files (.ex)
      warning: the following clause is redundant:

          defp include_edge_for_filtered_partitions?(edge, _edge_partition, _partitions, where_fun)
               when is_function(where_fun)

      it has type:

          dynamic(), dynamic(), dynamic(), dynamic(fun())

      previous clauses have already matched on the following types:

          term(), term(), term(), nil
          term(), term(), term(), fun()

      │
 2902 │   defp include_edge_for_filtered_partitions?(edge, _edge_partition, _partitions, where_fun)
      │        ~
      │
      └─ lib/multigraph.ex:2902:8: Multigraph.include_edge_for_filtered_partitions?/4

Generated multigraph app
==> comeonin
Compiling 3 files (.ex)
Generated comeonin app
==> plug_crypto
Compiling 5 files (.ex)
Generated plug_crypto app
==> hpax
Compiling 4 files (.ex)
Generated hpax app
==> xaas
===> Analyzing applications...
===> Compiling yamerl
===> Analyzing applications...
===> Compiling mimerl
==> unpickler
Compiling 3 files (.ex)
     warning: the variable "prefix_size" is accessed inside size(...) of a bitstring but it was defined outside of the match. You must precede it with the pin operator
     │
 275 │     <<string::binary-size(prefix_size), ?L>> = string
     │                           ~
     │
     └─ lib/unpickler.ex:275:27: Unpickler.load_op/3

     warning: the variable "content_size" is accessed inside size(...) of a bitstring but it was defined outside of the match. You must precede it with the pin operator
     │
 306 │         <<q, string::binary-size(content_size), q>> when q in [?', ?"] ->
     │                                  ~
     │
     └─ lib/unpickler.ex:306:34: Unpickler.load_op/3

Generated unpickler app
==> xaas
===> Analyzing applications...
===> Compiling sleeplocks
==> jose
Compiling 113 files (.erl)
Compiling 8 files (.ex)
Generated jose app
==> nimble_csv
Compiling 1 file (.ex)
Generated nimble_csv app
==> xaas
===> Analyzing applications...
===> Compiling ranch
==> ssl_verify_fun
Compiling 7 files (.erl)
Generated ssl_verify_fun app
==> content_type
Compiling 1 file (.ex)
Generated content_type app
==> complex
Compiling 2 files (.ex)
     warning: the following clause is redundant:

         def divide(n, b) when is_number(n) and (b === :infinity or b === :neg_infinity)

     it has type:

         dynamic(float() or integer()), dynamic(:infinity or :neg_infinity)

     previous clauses have already matched on the following types:

         :infinity or :nan or :neg_infinity, :infinity or :nan or :neg_infinity
         :nan, float() or integer()
         float() or integer(), :nan
         float() or integer(), :infinity
         float() or integer(), :neg_infinity
         float() or integer(), float() or integer()

     │
 590 │   def divide(n, b) when is_number(n) and b in [:infinity, :neg_infinity] do
     │       ~
     │
     └─ lib/complex.ex:590:7: Complex.divide/2

      warning: the following clause is redundant:

          def pow(%Complex{re: re, im: im}, :neg_infinity) when re == 0 and im == 0

      it has type:

          dynamic(%Complex{re: float() or integer(), im: float() or integer()}), :neg_infinity

      previous clauses have already matched on the following types:

          :infinity or :nan or :neg_infinity, %Complex{}
          %Complex{}, :infinity or :nan or :neg_infinity
          %Complex{re: :infinity or :nan or :neg_infinity}, term()
          %Complex{im: :infinity or :nan or :neg_infinity}, term()
          term(), %Complex{re: :infinity or :nan or :neg_infinity}
          term(), %Complex{im: :infinity or :nan or :neg_infinity}
          :nan, term()
          term(), :nan

      │
 1143 │   def pow(%Complex{re: re, im: im}, :neg_infinity) when re == 0 and im == 0, do: new(:infinity, 0)
      │       ~
      │
      └─ lib/complex.ex:1143:7: Complex.pow/2

      warning: the following clause is redundant:

          def atan2(:nan, :nan)

      it has type:

          :nan, :nan

      previous clauses have already matched on the following types:

          float() or integer(), float() or integer()
          :infinity, :infinity
          :infinity, :neg_infinity
          :infinity, :nan
          :infinity, float() or integer()
          :neg_infinity, :infinity
          :neg_infinity, :neg_infinity
          :neg_infinity, :nan
          :neg_infinity, float() or integer()
          :nan, :infinity or :nan or :neg_infinity or float() or integer()
          :infinity or :nan or :neg_infinity or float() or integer(), :nan

      │
 1458 │   def atan2(:nan, :nan), do: :nan
      │       ~
      │
      └─ lib/complex.ex:1458:7: Complex.atan2/2

Generated complex app
==> ets
Compiling 7 files (.ex)
Generated ets app
==> table_rex
Compiling 7 files (.ex)
     warning: incompatible types given to Map.get/3:

         Map.get(cell, :width_calc, nil)

     the map:

         dynamic(%TableRex.Cell{})

     does not have all required keys:

         :width_calc

     therefore this function will always return nil

     where "cell" was given the types:

         # type: dynamic(%TableRex.Cell{})
         # from: lib/table_rex/renderer/text.ex:305:63
         %TableRex.Cell{} = cell

         # type: dynamic(%TableRex.Cell{})
         # from: lib/table_rex/renderer/text.ex
         {%TableRex.Cell{} = cell, col_index}

     type warning found at:
     │
 312 │       Map.get(cell, :width_calc, nil) || Table.get_column_meta(table, col_index, :width_calc)
     │           ~
     │
     └─ lib/table_rex/renderer/text.ex:312:11: TableRex.Renderer.Text.render_cell/3

Generated table_rex app
==> jumper
Compiling 1 file (.ex)
Generated jumper app
==> ex_hash_ring
Compiling 7 files (.ex)
Generated ex_hash_ring app
==> iterex
Compiling 48 files (.ex)
Generated iterex app
==> erlex
Compiling 2 files (.erl)
Compiling 2 files (.ex)
Generated erlex app
==> server_sent_events
Compiling 2 files (.ex)
Generated server_sent_events app
==> owl
Compiling 19 files (.ex)
Generated owl app
==> castore
Compiling 1 file (.ex)
Generated castore app
==> octo_fetch
Compiling 3 files (.ex)
Generated octo_fetch app
==> mint
Compiling 1 file (.erl)
Compiling 20 files (.ex)
Generated mint app
==> elixir_make
Compiling 8 files (.ex)
Generated elixir_make app
==> xaas
===> Analyzing applications...
===> Compiling cowlib
==> conv_case
Compiling 1 file (.ex)
Generated conv_case app
==> saxy
Compiling 19 files (.ex)
Generated saxy app
==> unzip
Compiling 6 files (.ex)
    warning: unused require Logger
    │
 40 │   require Logger
    │   ~
    │
    └─ lib/unzip.ex:40:3

Generated unzip app
==> bcrypt_elixir
mkdir -p "/Users/sac/wt/v26922/v23/R1-X-LOCK/_build/test/lib/bcrypt_elixir/priv"
cc -g -O3 -Wall -Wno-format-truncation -I"/Users/sac/.asdf/installs/erlang/28.5.0.2/erts-16.4.0.2/include" -Ic_src -fPIC -shared -dynamiclib -undefined dynamic_lookup c_src/bcrypt_nif.c c_src/blowfish.c -o "/Users/sac/wt/v26922/v23/R1-X-LOCK/_build/test/lib/bcrypt_elixir/priv/bcrypt_nif.so"
Compiling 3 files (.ex)
Generated bcrypt_elixir app
==> picosat_elixir
make: Nothing to be done for `all'.
Compiling 1 file (.erl)
Compiling 2 files (.ex)
Generated picosat_elixir app
==> sourceror
Compiling 20 files (.ex)
Generated sourceror app
==> gen_state_machine
Compiling 3 files (.ex)
    warning: using single-quoted strings to represent charlists is deprecated.
    Use ~c"" if you indeed want a charlist or use "" instead.
    You may run "mix format --migrate" to change all single-quoted
    strings to use the ~c sigil and fix this warning.
    │
 21 │       {'** State machine ~tp terminating~n' ++ _ = format, args} ->
    │        ~
    │
    └─ lib/gen_state_machine/translator.ex:21:8

    warning: using single-quoted strings to represent charlists is deprecated.
    Use ~c"" if you indeed want a charlist or use "" instead.
    You may run "mix format --migrate" to change all single-quoted
    strings to use the ~c sigil and fix this warning.
    │
 24 │       {'** State machine ~p terminating~n' ++ _ = format, args} ->
    │        ~
    │
    └─ lib/gen_state_machine/translator.ex:24:8

    warning: List.zip/1 is deprecated. Use Enum.zip/1 instead
    │
 62 │       |> List.zip()
    │               ~
    │
    └─ lib/gen_state_machine/translator.ex:62:15: GenStateMachine.Translator.do_translate/4

Generated gen_state_machine app
==> text_diff
Compiling 1 file (.ex)
Generated text_diff app
==> xaas
===> Analyzing applications...
===> Compiling aws_signature
==> decimal
Compiling 4 files (.ex)
Generated decimal app
==> jason
Compiling 10 files (.ex)
Generated jason app
==> esbuild
Compiling 4 files (.ex)
Generated esbuild app
==> rustler
Compiling 7 files (.ex)
Generated rustler app
==> jcs
Compiling 1 file (.ex)
Generated jcs app
==> ex_ast
Compiling 36 files (.ex)
Generated ex_ast app
==> xema
Compiling 19 files (.ex)
Generated xema app
==> xla
Compiling 5 files (.ex)
Generated xla app
==> yaml_elixir
Compiling 6 files (.ex)
Generated yaml_elixir app
==> table
Compiling 5 files (.ex)
Generated table app
==> spitfire
Compiling 2 files (.erl)
Compiling 5 files (.ex)
Generated spitfire app
==> nimble_parsec
Compiling 4 files (.ex)
Generated nimble_parsec app
==> makeup
Compiling 15 files (.ex)
    warning: unused require Makeup.Token.Utils
    │
 13 │   require Makeup.Token.Utils
    │   ~
    │
    └─ lib/makeup/styles/html/style.ex:13:3

Generated makeup app
==> makeup_elixir
Compiling 6 files (.ex)
Generated makeup_elixir app
==> xaas
===> Analyzing applications...
===> Compiling unicode_util_compat
===> Analyzing applications...
===> Compiling idna
===> Analyzing applications...
===> Compiling telemetry
==> nx
Compiling 43 files (.ex)
Generated nx app
==> nx_image
Compiling 1 file (.ex)
Generated nx_image app
==> safetensors
Compiling 3 files (.ex)
    warning: the variable "size" is accessed inside size(...) of a bitstring but it was defined outside of the match. You must precede it with the pin operator
    │
 27 │         for <<data::size(size)-binary <- binary>> do
    │                          ~
    │
    └─ lib/safetensors/shared.ex:27:26: Safetensors.Shared.new_byte_order/3

Generated safetensors app
==> telemetry_metrics
Compiling 7 files (.ex)
     warning: unused require Logger
     │
 391 │   require Logger
     │   ~
     │
     └─ lib/telemetry_metrics.ex:391:3

Generated telemetry_metrics app
==> xaas
===> Analyzing applications...
===> Compiling telemetry_poller
==> broadway
Compiling 22 files (.ex)
     warning: this clause of defp enqueue_batch/2 is never used (or it will always fail/warn when invoked)
     │
 375 │   defp enqueue_batch(queue, _list = []), do: queue
     │        ~
     │
     └─ lib/broadway/topology/producer_stage.ex:375:8: Broadway.Topology.ProducerStage.enqueue_batch/2

Generated broadway app
==> telemetry_metrics_prometheus_core
Compiling 9 files (.ex)
     warning: unused require Logger
     │
 148 │   require Logger
     │   ~
     │
     └─ lib/core.ex:148:3

warning: first..last inside match is deprecated, you must always match on the step: first..last//var or first..last//_ if you want to ignore it
  lib/core/registry.ex:87: TelemetryMetricsPrometheus.Core.Registry.validate_distribution_buckets!/1

Generated telemetry_metrics_prometheus_core app
==> db_connection
Compiling 18 files (.ex)
Generated db_connection app
==> ecto
Compiling 56 files (.ex)
Generated ecto app
==> uniq
Compiling 5 files (.ex)
     warning: the variable "clock_hi_size" is accessed inside size(...) of a bitstring but it was defined outside of the match. You must precede it with the pin operator
     │
 547 │            <<clock_hi::bits(clock_hi_size), clock_lo::bits(8), node::bits(48)>> <-
     │                             ~
     │
     └─ lib/uuid.ex:547:29: Uniq.UUID.parse_raw/5

     warning: the variable "clock_size" is accessed inside size(...) of a bitstring but it was defined outside of the match. You must precede it with the pin operator
     │
 549 │            <<clock::uint(clock_size)>> <-
     │                          ~
     │
     └─ lib/uuid.ex:549:26: Uniq.UUID.parse_raw/5

     warning: the variable "clock_hi_size" is accessed inside size(...) of a bitstring but it was defined outside of the match. You must precede it with the pin operator
     │
 547 │            <<clock_hi::bits(clock_hi_size), clock_lo::bits(8), node::bits(48)>> <-
     │                             ~
     │
     └─ lib/uuid.ex:547:29: Uniq.UUID.parse_raw/5

     warning: the variable "clock_size" is accessed inside size(...) of a bitstring but it was defined outside of the match. You must precede it with the pin operator
     │
 549 │            <<clock::uint(clock_size)>> <-
     │                          ~
     │
     └─ lib/uuid.ex:549:26: Uniq.UUID.parse_raw/5

     warning: the variable "clock_hi_size" is accessed inside size(...) of a bitstring but it was defined outside of the match. You must precede it with the pin operator
     │
 547 │            <<clock_hi::bits(clock_hi_size), clock_lo::bits(8), node::bits(48)>> <-
     │                             ~
     │
     └─ lib/uuid.ex:547:29: Uniq.UUID.parse_raw/5

     warning: the variable "clock_size" is accessed inside size(...) of a bitstring but it was defined outside of the match. You must precede it with the pin operator
     │
 549 │            <<clock::uint(clock_size)>> <-
     │                          ~
     │
     └─ lib/uuid.ex:549:26: Uniq.UUID.parse_raw/5

     warning: the variable "clock_hi_size" is accessed inside size(...) of a bitstring but it was defined outside of the match. You must precede it with the pin operator
     │
 547 │            <<clock_hi::bits(clock_hi_size), clock_lo::bits(8), node::bits(48)>> <-
     │                             ~
     │
     └─ lib/uuid.ex:547:29: Uniq.UUID.parse_raw/5

     warning: the variable "clock_size" is accessed inside size(...) of a bitstring but it was defined outside of the match. You must precede it with the pin operator
     │
 549 │            <<clock::uint(clock_size)>> <-
     │                          ~
     │
     └─ lib/uuid.ex:549:26: Uniq.UUID.parse_raw/5

Generated uniq app
==> thousand_island
Compiling 18 files (.ex)
Generated thousand_island app
==> websockex
Compiling 6 files (.ex)
     warning: the variable "size" is accessed inside size(...) of a bitstring but it was defined outside of the match. You must precede it with the pin operator
     │
 109 │     <<payload::bytes-size(size), rest::bitstring>> = remaining
     │                           ~
     │
     └─ lib/websockex/frame.ex:109:27: WebSockex.Frame.parse_frame/1

     warning: the variable "len" is accessed inside size(...) of a bitstring but it was defined outside of the match. You must precede it with the pin operator
     │
 125 │       <<payload::bytes-size(len), rest::bitstring>> = remaining
     │                             ~
     │
     └─ lib/websockex/frame.ex:125:29: WebSockex.Frame.parse_frame/1

     warning: the variable "len" is accessed inside size(...) of a bitstring but it was defined outside of the match. You must precede it with the pin operator
     │
 125 │       <<payload::bytes-size(len), rest::bitstring>> = remaining
     │                             ~
     │
     └─ lib/websockex/frame.ex:125:29: WebSockex.Frame.parse_frame/1

     warning: the variable "len" is accessed inside size(...) of a bitstring but it was defined outside of the match. You must precede it with the pin operator
     │
 145 │     <<payload::bytes-size(len), rest::bitstring>> = remaining
     │                           ~
     │
     └─ lib/websockex/frame.ex:145:27: WebSockex.Frame.parse_frame/1

     warning: the variable "len" is accessed inside size(...) of a bitstring but it was defined outside of the match. You must precede it with the pin operator
     │
 150 │     <<payload::bytes-size(len), rest::bitstring>> = remaining
     │                           ~
     │
     └─ lib/websockex/frame.ex:150:27: WebSockex.Frame.parse_frame/1

     warning: the variable "len" is accessed inside size(...) of a bitstring but it was defined outside of the match. You must precede it with the pin operator
     │
 155 │     <<payload::bytes-size(len), rest::bitstring>> = remaining
     │                           ~
     │
     └─ lib/websockex/frame.ex:155:27: WebSockex.Frame.parse_frame/1

     warning: the variable "len" is accessed inside size(...) of a bitstring but it was defined outside of the match. You must precede it with the pin operator
     │
 164 │       <<payload::bytes-size(len), rest::bitstring>> = remaining
     │                             ~
     │
     └─ lib/websockex/frame.ex:164:29: WebSockex.Frame.parse_frame/1

     warning: the variable "len" is accessed inside size(...) of a bitstring but it was defined outside of the match. You must precede it with the pin operator
     │
 171 │       <<payload::bytes-size(len), rest::bitstring>> = remaining
     │                             ~
     │
     └─ lib/websockex/frame.ex:171:29: WebSockex.Frame.parse_frame/1

     warning: the variable "len" is accessed inside size(...) of a bitstring but it was defined outside of the match. You must precede it with the pin operator
     │
 176 │       <<payload::bytes-size(len), rest::bitstring>> = remaining
     │                             ~
     │
     └─ lib/websockex/frame.ex:176:29: WebSockex.Frame.parse_frame/1

     warning: the variable "len" is accessed inside size(...) of a bitstring but it was defined outside of the match. You must precede it with the pin operator
     │
 164 │       <<payload::bytes-size(len), rest::bitstring>> = remaining
     │                             ~
     │
     └─ lib/websockex/frame.ex:164:29: WebSockex.Frame.parse_frame/1

     warning: the variable "len" is accessed inside size(...) of a bitstring but it was defined outside of the match. You must precede it with the pin operator
     │
 171 │       <<payload::bytes-size(len), rest::bitstring>> = remaining
     │                             ~
     │
     └─ lib/websockex/frame.ex:171:29: WebSockex.Frame.parse_frame/1

     warning: the variable "len" is accessed inside size(...) of a bitstring but it was defined outside of the match. You must precede it with the pin operator
     │
 176 │       <<payload::bytes-size(len), rest::bitstring>> = remaining
     │                             ~
     │
     └─ lib/websockex/frame.ex:176:29: WebSockex.Frame.parse_frame/1

     warning: the variable "len" is accessed inside size(...) of a bitstring but it was defined outside of the match. You must precede it with the pin operator
     │
 183 │     <<payload::bytes-size(len), rest::bitstring>> = remaining
     │                           ~
     │
     └─ lib/websockex/frame.ex:183:27: WebSockex.Frame.parse_frame/1

     warning: the variable "len" is accessed inside size(...) of a bitstring but it was defined outside of the match. You must precede it with the pin operator
     │
 188 │     <<payload::bytes-size(len), rest::bitstring>> = remaining
     │                           ~
     │
     └─ lib/websockex/frame.ex:188:27: WebSockex.Frame.parse_frame/1

     warning: the variable "len" is accessed inside size(...) of a bitstring but it was defined outside of the match. You must precede it with the pin operator
     │
 193 │     <<payload::bytes-size(len), rest::bitstring>> = remaining
     │                           ~
     │
     └─ lib/websockex/frame.ex:193:27: WebSockex.Frame.parse_frame/1

     warning: the variable "len" is accessed inside size(...) of a bitstring but it was defined outside of the match. You must precede it with the pin operator
     │
 199 │     <<payload::bytes-size(len), rest::bitstring>> = remaining
     │                           ~
     │
     └─ lib/websockex/frame.ex:199:27: WebSockex.Frame.parse_frame/1

     warning: the variable "len" is accessed inside size(...) of a bitstring but it was defined outside of the match. You must precede it with the pin operator
     │
 204 │     <<payload::bytes-size(len), rest::bitstring>> = remaining
     │                           ~
     │
     └─ lib/websockex/frame.ex:204:27: WebSockex.Frame.parse_frame/1

     warning: the variable "len" is accessed inside size(...) of a bitstring but it was defined outside of the match. You must precede it with the pin operator
     │
 209 │     <<payload::bytes-size(len), rest::bitstring>> = remaining
     │                           ~
     │
     └─ lib/websockex/frame.ex:209:27: WebSockex.Frame.parse_frame/1

     warning: the variable "len" is accessed inside size(...) of a bitstring but it was defined outside of the match. You must precede it with the pin operator
     │
 358 │     <<payload::bytes-size(len), rest::bitstring>> = remaining
     │                           ~
     │
     └─ lib/websockex/frame.ex:358:27: WebSockex.Frame.parse_text_payload/3

Generated websockex app
==> xaas
===> Analyzing applications...
===> Compiling cowboy
==> phoenix_html
Compiling 6 files (.ex)
Generated phoenix_html app
==> phoenix_template
Compiling 4 files (.ex)
     warning: the variable "prefix_size" is accessed inside size(...) of a bitstring but it was defined outside of the match. You must precede it with the pin operator
     │
 505 │       <<prefix::binary-size(prefix_size), ^suffix::binary>> -> prefix
     │                             ~
     │
     └─ lib/phoenix/template.ex:505:29: Phoenix.Template.unsuffix/2

Generated phoenix_template app
==> zoi
Compiling 85 files (.ex)
Generated zoi app
==> expo
Compiling 2 files (.erl)
Compiling 22 files (.ex)
Generated expo app
==> gettext
Compiling 18 files (.ex)
     warning: this clause in cond will never match:

         not is_binary(locale)

     since it has type:

         dynamic(false)

     where "locale" was given the types:

         # type: binary()
         # from: lib/gettext.ex:806:28
         locale

         # type: binary()
         # from: lib/gettext.ex:806:41
         is_binary(locale)

     type warning found at:
     │
 808 │       not is_binary(locale) ->
     │                             ~
     │
     └─ lib/gettext.ex:808:29: Gettext.put_locale!/2

     warning: Kernel.ParallelCompiler.async/1 is deprecated. Use `pmap/2` instead
     │
 426 │               Kernel.ParallelCompiler.async(fn ->
     │                                       ~
     │
     └─ lib/gettext/compiler.ex:426:39: Gettext.Compiler.compile_po_files/3

     warning: the following clause is redundant:

         defp ensure_empty_msgstr!(%Expo.Message.Plural{} = message)

     it has type:

         dynamic(%Expo.Message.Plural{})

     previous clauses have already matched on the following types:

         %Expo.Message.Singular{}
         %Expo.Message.Plural{}

     │
 391 │   defp ensure_empty_msgstr!(%Message.Plural{} = message) do
     │        ~
     │
     └─ lib/gettext/extractor.ex:391:8: Gettext.Extractor.ensure_empty_msgstr!/1

Generated gettext app
==> localize
Compiling 7 files (.erl)
Compiling 200 files (.ex)
Generated localize app
==> ex_money
Compiling 27 files (.ex)
Generated ex_money app
==> phoenix_pubsub
Compiling 12 files (.ex)
Generated phoenix_pubsub app
==> polaris
Compiling 5 files (.ex)
Generated polaris app
==> axon
Compiling 27 files (.ex)
     warning: unused require Polaris.Updates
     │
 212 │   require Polaris.Updates
     │   ~
     │
     └─ lib/axon/loop.ex:212:3

     warning: unused require Logger
     │
 284 │   require Logger
     │   ~
     │
     └─ lib/axon.ex:284:3

     warning: the following clause will never match:

         map when is_map(map) ->

     because it attempts to match on the result of:

         value

     which has type:

         dynamic(not empty_list() and not map() and not non_empty_list(term(), term()))

     where "map" was given the type:

         # type: map()
         # from: lib/axon/model_state.ex:208:16
         is_map(map)

     type warning found at:
     │
 208 │       map when is_map(map) ->
     │       ~
     │
     └─ lib/axon/model_state.ex:208:7: Axon.ModelState.transform_to_parameters/1

      warning: the following conditional expression will always succeed:

          not improved?

      because it evaluates to:

          dynamic(true)

      where "improved?" was given the type:

          # type: dynamic(false or nil)
          # from: lib/axon/loop.ex:1124:7
          improved?

      type warning found at:
      │
 1136 │       not improved? and not over_patience? ->
      │       ~~~~~~~~~~~~~~~~~~~~~~~~~~~~~~~~~~~~~~~
      │
      └─ lib/axon/loop.ex:1136: Axon.Loop.monitor_impl/6

      warning: the following clause is redundant:

          %{parent: [parent_id]} = popped ->

      previous clauses have already matched on the following types:

          %{..., op: term(), op_name: :container, parent: term()}
          %{..., parent: non_empty_list(term(), term())}

      where "parent_id" was given the type:

          # type: dynamic()
          # from: lib/axon.ex:3960:30
          %{parent: [parent_id]} = popped

      where "popped" was given the type:

          # type: dynamic(%{..., parent: non_empty_list(term())})
          # from: lib/axon.ex:3960:30
          %{parent: [parent_id]} = popped

      type warning found at:
      │
 3960 │       %{parent: [parent_id]} = popped ->
      │                                       ~
      │
      └─ lib/axon.ex:3960:39: Axon.pop_node/1

Generated axon app
==> abnf_parsec
Compiling 4 files (.ex)
Generated abnf_parsec app
==> texture
Compiling 7 files (.ex)
Generated texture app
==> protocol_ex
Compiling 2 files (.ex)
Generated protocol_ex app
==> rdf
Compiling 6 files (.erl)
Compiling 140 files (.ex)
    warning: default arguments in protocol definitions is deprecated
    │
 81 │   def derive(template_data, target_type, opts \\ [])
    │   ~~~~~~~~~~~~~~~~~~~~~~~~~~~~~~~~~~~~~~~~~~~~~~~~~~
    │
    └─ lib/rdf/data/source.ex:81: RDF.Data.Source (module)

    warning: protocols can only define functions without implementation via def/1, found: derive/2
    │
  1 │ defprotocol RDF.Data.Source do
    │ ~~~~~~~~~~~~~~~~~~~~~~~~~~~~~~
    │
    └─ lib/rdf/data/source.ex:1: RDF.Data.Source (module)

    warning: unused require RDF.Turtle
    │
 18 │   require RDF.Turtle
    │   ~
    │
    └─ lib/rdf/ns.ex:18:3

Generated rdf app
==> rdf_xml
Compiling 17 files (.ex)
    warning: the following clause cannot match because the previous clauses already matched all possible values:

        _ ->

    it attempts to match on the result of:

        element_cxt = element_cxt(cxt)

    which has the already matched type:

        dynamic(nil)

    type warning found at:
    │
  4 │   use RDF.XML.Decoder.Grammar.Rule, struct: [:name, :attributes]
    │   ~~~~~~~~~~~~~~~~~~~~~~~~~~~~~~~~~~~~~~~~~~~~~~~~~~~~~~~~~~~~~~
    │
    └─ lib/rdf/xml/decoder/grammar/literal_rule.ex:4: RDF.XML.Decoder.Grammar.LiteralRule.element/1

    warning: incompatible types given to Map.get/2:

        Map.get(element_cxt, :element)

    given types:

        -dynamic(nil)-, :element

    but expected one of:

        map(), term()

    where "element_cxt" (context RDF.XML.Decoder.Grammar.Rule) was given the type:

        # type: dynamic(nil)
        # from: lib/rdf/xml/decoder/grammar/literal_rule.ex:4
        element_cxt = element_cxt(cxt)

    type warning found at:
    │
  4 │   use RDF.XML.Decoder.Grammar.Rule, struct: [:name, :attributes]
    │   ~~~~~~~~~~~~~~~~~~~~~~~~~~~~~~~~~~~~~~~~~~~~~~~~~~~~~~~~~~~~~~
    │
    └─ lib/rdf/xml/decoder/grammar/literal_rule.ex:4: RDF.XML.Decoder.Grammar.LiteralRule.element/1

Generated rdf_xml app
==> cloak
Compiling 14 files (.ex)
    warning: the variable "length" is accessed inside size(...) of a bitstring but it was defined outside of the match. You must precede it with the pin operator
    │
 23 │       <<tlv::binary-size(length), remainder::binary>> ->
    │                          ~
    │
    └─ lib/cloak/tags/decoder.ex:23:26: Cloak.Tags.Decoder.decode/1

    warning: the variable "size" is accessed inside size(...) of a bitstring but it was defined outside of the match. You must precede it with the pin operator
    │
 45 │     <<_value_bytes::binary-size(size), tag::binary>> = rest
    │                                 ~
    │
    └─ lib/cloak/tags/decoder.ex:45:33: Cloak.Tags.Decoder.tag/1

    warning: the variable "iv_length" is accessed inside size(...) of a bitstring but it was defined outside of the match. You must precede it with the pin operator
    │
 62 │       %{remainder: <<iv::binary-size(iv_length), ciphertag::binary-16, ciphertext::binary>>} =
    │                                      ~
    │
    └─ lib/cloak/ciphers/aes_gcm.ex:62:38: Cloak.Ciphers.AES.GCM.decrypt/2

    warning: the variable "iv_length" is accessed inside size(...) of a bitstring but it was defined outside of the match. You must precede it with the pin operator
    │
 84 │         remainder: <<_iv::binary-size(iv_length), _ciphertag::binary-16, _ciphertext::binary>>
    │                                       ~
    │
    └─ lib/cloak/ciphers/aes_gcm.ex:84:39: Cloak.Ciphers.AES.GCM.can_decrypt?/2

Generated cloak app
==> rustler_precompiled
Compiling 4 files (.ex)
Generated rustler_precompiled app
==> explorer
Compiling 22 files (.ex)

12:51:10.051 [debug] Copying NIF from cache and extracting to /Users/sac/wt/v26922/v23/R1-X-LOCK/_build/test/lib/explorer/priv/native/libexplorer-v0.12.0-nif-2.15-aarch64-apple-darwin.so.tar.gz
     warning: this clause of defp dtype_for_agg_operation/2 is never used (or it will always fail/warn when invoked)
     │
 825 │   defp dtype_for_agg_operation(op, _) when op in [:all?, :any?], do: :boolean
     │        ~
     │
     └─ lib/explorer/backend/lazy_series.ex:825:8: Explorer.Backend.LazySeries.dtype_for_agg_operation/2

      warning: incompatible types given to lazy_series!/1:

          lazy_series!(series)

      given types:

          -dynamic(not %Explorer.Series{})-

      but expected one of:

          %Explorer.Series{data: %Explorer.Backend.LazySeries{}}

      where "series" was given the type:

          # type: dynamic(not %Explorer.Series{})
          # from: lib/explorer/backend/lazy_series.ex:1081:12
          series

      type warning found at:
      │
 1082 │     data = new(:size, [lazy_series!(series)], {:u, 32})
      │                        ~
      │
      └─ lib/explorer/backend/lazy_series.ex:1082:24: Explorer.Backend.LazySeries.size/1

     warning: the following clause is redundant:

         def to_expr(%Explorer.Backend.LazySeries{op: :acos, args: [arg1]})

     it has type:

         dynamic(%Explorer.Backend.LazySeries{op: :acos, args: non_empty_list(term())})

     previous clauses have already matched on the following types:

         %Explorer.Backend.LazySeries{op: :quantile, args: non_empty_list(term(), term())}
         %Explorer.Backend.LazySeries{op: :argsort, args: non_empty_list(term(), term())}
         %Explorer.Backend.LazySeries{op: :sort, args: non_empty_list(term(), term())}
         %Explorer.Backend.LazySeries{op: :head, args: non_empty_list(term(), term())}
         %Explorer.Backend.LazySeries{op: :tail, args: non_empty_list(term(), term())}
         %Explorer.Backend.LazySeries{op: :peaks, args: non_empty_list(term(), term())}
         %Explorer.Backend.LazySeries{op: :rank, args: non_empty_list(term(), term())}
         %Explorer.Backend.LazySeries{op: :sample_n, args: non_empty_list(term(), term())}
         %Explorer.Backend.LazySeries{op: :sample_frac, args: non_empty_list(term(), term())}
         %Explorer.Backend.LazySeries{op: :exp, args: non_empty_list(term(), term())}
         %Explorer.Backend.LazySeries{op: :skew, args: non_empty_list(term(), term())}
         %Explorer.Backend.LazySeries{op: :round, args: non_empty_list(term(), term())}
         %Explorer.Backend.LazySeries{op: :clip_float, args: non_empty_list(term(), term())}
         %Explorer.Backend.LazySeries{op: :clip_integer, args: non_empty_list(term(), term())}
         %Explorer.Backend.LazySeries{op: :variance, args: non_empty_list(term(), term())}
         %Explorer.Backend.LazySeries{op: :standard_deviation, args: non_empty_list(term(), term())}
         %Explorer.Backend.LazySeries{op: :acos, args: non_empty_list(term(), term())}
         %Explorer.Backend.LazySeries{op: :asin, args: non_empty_list(term(), term())}
         %Explorer.Backend.LazySeries{op: :atan, args: non_empty_list(term(), term())}
         %Explorer.Backend.LazySeries{op: :cos, args: non_empty_list(term(), term())}
         %Explorer.Backend.LazySeries{op: :degrees, args: non_empty_list(term(), term())}
         %Explorer.Backend.LazySeries{op: :radians, args: non_empty_list(term(), term())}
         %Explorer.Backend.LazySeries{op: :sin, args: non_empty_list(term(), term())}
         %Explorer.Backend.LazySeries{op: :tan, args: non_empty_list(term(), term())}
         %Explorer.Backend.LazySeries{op: :cumulative_max, args: non_empty_list(term(), term())}
         %Explorer.Backend.LazySeries{op: :cumulative_min, args: non_empty_list(term(), term())}
         %Explorer.Backend.LazySeries{op: :cumulative_sum, args: non_empty_list(term(), term())}
         %Explorer.Backend.LazySeries{op: :cumulative_count, args: non_empty_list(term(), term())}
         %Explorer.Backend.LazySeries{op: :cumulative_product, args: non_empty_list(term(), term())}
         %Explorer.Backend.LazySeries{op: :window_max, args: non_empty_list(term(), term())}
         %Explorer.Backend.LazySeries{op: :window_mean, args: non_empty_list(term(), term())}
         %Explorer.Backend.LazySeries{op: :window_median, args: non_empty_list(term(), term())}
         %Explorer.Backend.LazySeries{op: :window_min, args: non_empty_list(term(), term())}
         %Explorer.Backend.LazySeries{op: :window_sum, args: non_empty_list(term(), term())}
         %Explorer.Backend.LazySeries{op: :window_standard_deviation, args: non_empty_list(term(), term())}
         %Explorer.Backend.LazySeries{op: :ewm_mean, args: non_empty_list(term(), term())}
         %Explorer.Backend.LazySeries{op: :ewm_standard_deviation, args: non_empty_list(term(), term())}
         %Explorer.Backend.LazySeries{op: :ewm_variance, args: non_empty_list(term(), term())}
         %Explorer.Backend.LazySeries{op: :strptime, args: non_empty_list(term(), term())}
         %Explorer.Backend.LazySeries{op: :strftime, args: non_empty_list(term(), term())}
         %Explorer.Backend.LazySeries{op: :contains, args: non_empty_list(term(), term())}
         %Explorer.Backend.LazySeries{op: :re_contains, args: non_empty_list(term(), term())}
         %Explorer.Backend.LazySeries{op: :replace, args: non_empty_list(term(), term())}
         %Explorer.Backend.LazySeries{op: :re_replace, args: non_empty_list(term(), term())}
         %Explorer.Backend.LazySeries{op: :strip, args: non_empty_list(term(), term())}
         %Explorer.Backend.LazySeries{op: :lstrip, args: non_empty_list(term(), term())}
         %Explorer.Backend.LazySeries{op: :rstrip, args: non_empty_list(term(), term())}
         %Explorer.Backend.LazySeries{op: :downcase, args: non_empty_list(term(), term())}
         %Explorer.Backend.LazySeries{op: :upcase, args: non_empty_list(term(), term())}
         %Explorer.Backend.LazySeries{op: :substring, args: non_empty_list(term(), term())}
         %Explorer.Backend.LazySeries{op: :split, args: non_empty_list(term(), term())}
         %Explorer.Backend.LazySeries{op: :split_into, args: non_empty_list(term(), term())}
         %Explorer.Backend.LazySeries{op: :json_decode, args: non_empty_list(term(), term())}
         %Explorer.Backend.LazySeries{op: :json_path_match, args: non_empty_list(term(), term())}
         %Explorer.Backend.LazySeries{op: :count_matches, args: non_empty_list(term(), term())}
         %Explorer.Backend.LazySeries{op: :re_count_matches, args: non_empty_list(term(), term())}
         %Explorer.Backend.LazySeries{op: :re_scan, args: non_empty_list(term(), term())}
         %Explorer.Backend.LazySeries{op: :re_named_captures, args: non_empty_list(term(), term())}
         %Explorer.Backend.LazySeries{op: :join, args: non_empty_list(term(), term())}
         %Explorer.Backend.LazySeries{op: :lengths, args: non_empty_list(term(), term())}
         %Explorer.Backend.LazySeries{op: :member, args: non_empty_list(term(), term())}
         %Explorer.Backend.LazySeries{op: :field, args: non_empty_list(term(), term())}

     │
 337 │     def to_expr(%LazySeries{op: unquote(op), args: unquote(args)}) do
     │         ~
     │
     └─ lib/explorer/polars_backend/expression.ex:337:9: Explorer.PolarsBackend.Expression.to_expr/1

     warning: the following clause will never match:

         {:ok, df} ->

     because it attempts to match on the result of:

         from_query(conn, query, params, opts)

     which has type:

         none()

     type warning found at:
     │
 546 │       {:ok, df} -> df
     │       ~~~~~~~~~~~~~~~
     │
     └─ lib/explorer/data_frame.ex:546: Explorer.DataFrame.from_query!/4

     warning: the following clause is redundant:

         def to_expr(%Explorer.Backend.LazySeries{op: :asin, args: [arg1]})

     it has type:

         dynamic(%Explorer.Backend.LazySeries{op: :asin, args: non_empty_list(term())})

     previous clauses have already matched on the following types:

         %Explorer.Backend.LazySeries{op: :quantile, args: non_empty_list(term(), term())}
         %Explorer.Backend.LazySeries{op: :argsort, args: non_empty_list(term(), term())}
         %Explorer.Backend.LazySeries{op: :sort, args: non_empty_list(term(), term())}
         %Explorer.Backend.LazySeries{op: :head, args: non_empty_list(term(), term())}
         %Explorer.Backend.LazySeries{op: :tail, args: non_empty_list(term(), term())}
         %Explorer.Backend.LazySeries{op: :peaks, args: non_empty_list(term(), term())}
         %Explorer.Backend.LazySeries{op: :rank, args: non_empty_list(term(), term())}
         %Explorer.Backend.LazySeries{op: :sample_n, args: non_empty_list(term(), term())}
         %Explorer.Backend.LazySeries{op: :sample_frac, args: non_empty_list(term(), term())}
         %Explorer.Backend.LazySeries{op: :exp, args: non_empty_list(term(), term())}
         %Explorer.Backend.LazySeries{op: :skew, args: non_empty_list(term(), term())}
         %Explorer.Backend.LazySeries{op: :round, args: non_empty_list(term(), term())}
         %Explorer.Backend.LazySeries{op: :clip_float, args: non_empty_list(term(), term())}
         %Explorer.Backend.LazySeries{op: :clip_integer, args: non_empty_list(term(), term())}
         %Explorer.Backend.LazySeries{op: :variance, args: non_empty_list(term(), term())}
         %Explorer.Backend.LazySeries{op: :standard_deviation, args: non_empty_list(term(), term())}
         %Explorer.Backend.LazySeries{op: :acos, args: non_empty_list(term(), term())}
         %Explorer.Backend.LazySeries{op: :asin, args: non_empty_list(term(), term())}
         %Explorer.Backend.LazySeries{op: :atan, args: non_empty_list(term(), term())}
         %Explorer.Backend.LazySeries{op: :cos, args: non_empty_list(term(), term())}
         %Explorer.Backend.LazySeries{op: :degrees, args: non_empty_list(term(), term())}
         %Explorer.Backend.LazySeries{op: :radians, args: non_empty_list(term(), term())}
         %Explorer.Backend.LazySeries{op: :sin, args: non_empty_list(term(), term())}
         %Explorer.Backend.LazySeries{op: :tan, args: non_empty_list(term(), term())}
         %Explorer.Backend.LazySeries{op: :cumulative_max, args: non_empty_list(term(), term())}
         %Explorer.Backend.LazySeries{op: :cumulative_min, args: non_empty_list(term(), term())}
         %Explorer.Backend.LazySeries{op: :cumulative_sum, args: non_empty_list(term(), term())}
         %Explorer.Backend.LazySeries{op: :cumulative_count, args: non_empty_list(term(), term())}
         %Explorer.Backend.LazySeries{op: :cumulative_product, args: non_empty_list(term(), term())}
         %Explorer.Backend.LazySeries{op: :window_max, args: non_empty_list(term(), term())}
         %Explorer.Backend.LazySeries{op: :window_mean, args: non_empty_list(term(), term())}
         %Explorer.Backend.LazySeries{op: :window_median, args: non_empty_list(term(), term())}
         %Explorer.Backend.LazySeries{op: :window_min, args: non_empty_list(term(), term())}
         %Explorer.Backend.LazySeries{op: :window_sum, args: non_empty_list(term(), term())}
         %Explorer.Backend.LazySeries{op: :window_standard_deviation, args: non_empty_list(term(), term())}
         %Explorer.Backend.LazySeries{op: :ewm_mean, args: non_empty_list(term(), term())}
         %Explorer.Backend.LazySeries{op: :ewm_standard_deviation, args: non_empty_list(term(), term())}
         %Explorer.Backend.LazySeries{op: :ewm_variance, args: non_empty_list(term(), term())}
         %Explorer.Backend.LazySeries{op: :strptime, args: non_empty_list(term(), term())}
         %Explorer.Backend.LazySeries{op: :strftime, args: non_empty_list(term(), term())}
         %Explorer.Backend.LazySeries{op: :contains, args: non_empty_list(term(), term())}
         %Explorer.Backend.LazySeries{op: :re_contains, args: non_empty_list(term(), term())}
         %Explorer.Backend.LazySeries{op: :replace, args: non_empty_list(term(), term())}
         %Explorer.Backend.LazySeries{op: :re_replace, args: non_empty_list(term(), term())}
         %Explorer.Backend.LazySeries{op: :strip, args: non_empty_list(term(), term())}
         %Explorer.Backend.LazySeries{op: :lstrip, args: non_empty_list(term(), term())}
         %Explorer.Backend.LazySeries{op: :rstrip, args: non_empty_list(term(), term())}
         %Explorer.Backend.LazySeries{op: :downcase, args: non_empty_list(term(), term())}
         %Explorer.Backend.LazySeries{op: :upcase, args: non_empty_list(term(), term())}
         %Explorer.Backend.LazySeries{op: :substring, args: non_empty_list(term(), term())}
         %Explorer.Backend.LazySeries{op: :split, args: non_empty_list(term(), term())}
         %Explorer.Backend.LazySeries{op: :split_into, args: non_empty_list(term(), term())}
         %Explorer.Backend.LazySeries{op: :json_decode, args: non_empty_list(term(), term())}
         %Explorer.Backend.LazySeries{op: :json_path_match, args: non_empty_list(term(), term())}
         %Explorer.Backend.LazySeries{op: :count_matches, args: non_empty_list(term(), term())}
         %Explorer.Backend.LazySeries{op: :re_count_matches, args: non_empty_list(term(), term())}
         %Explorer.Backend.LazySeries{op: :re_scan, args: non_empty_list(term(), term())}
         %Explorer.Backend.LazySeries{op: :re_named_captures, args: non_empty_list(term(), term())}
         %Explorer.Backend.LazySeries{op: :join, args: non_empty_list(term(), term())}
         %Explorer.Backend.LazySeries{op: :lengths, args: non_empty_list(term(), term())}
         %Explorer.Backend.LazySeries{op: :member, args: non_empty_list(term(), term())}
         %Explorer.Backend.LazySeries{op: :field, args: non_empty_list(term(), term())}

     │
 337 │     def to_expr(%LazySeries{op: unquote(op), args: unquote(args)}) do
     │         ~
     │
     └─ lib/explorer/polars_backend/expression.ex:337:9: Explorer.PolarsBackend.Expression.to_expr/1

     warning: the following clause will never match:

         {:error, error} ->

     because it attempts to match on the result of:

         from_query(conn, query, params, opts)

     which has type:

         none()

     type warning found at:
     │
 547 │       {:error, error} -> raise error
     │       ~~~~~~~~~~~~~~~~~~~~~~~~~~~~~~
     │
     └─ lib/explorer/data_frame.ex:547: Explorer.DataFrame.from_query!/4

     warning: the following clause is redundant:

         def to_expr(%Explorer.Backend.LazySeries{op: :atan, args: [arg1]})

     it has type:

         dynamic(%Explorer.Backend.LazySeries{op: :atan, args: non_empty_list(term())})

     previous clauses have already matched on the following types:

         %Explorer.Backend.LazySeries{op: :quantile, args: non_empty_list(term(), term())}
         %Explorer.Backend.LazySeries{op: :argsort, args: non_empty_list(term(), term())}
         %Explorer.Backend.LazySeries{op: :sort, args: non_empty_list(term(), term())}
         %Explorer.Backend.LazySeries{op: :head, args: non_empty_list(term(), term())}
         %Explorer.Backend.LazySeries{op: :tail, args: non_empty_list(term(), term())}
         %Explorer.Backend.LazySeries{op: :peaks, args: non_empty_list(term(), term())}
         %Explorer.Backend.LazySeries{op: :rank, args: non_empty_list(term(), term())}
         %Explorer.Backend.LazySeries{op: :sample_n, args: non_empty_list(term(), term())}
         %Explorer.Backend.LazySeries{op: :sample_frac, args: non_empty_list(term(), term())}
         %Explorer.Backend.LazySeries{op: :exp, args: non_empty_list(term(), term())}
         %Explorer.Backend.LazySeries{op: :skew, args: non_empty_list(term(), term())}
         %Explorer.Backend.LazySeries{op: :round, args: non_empty_list(term(), term())}
         %Explorer.Backend.LazySeries{op: :clip_float, args: non_empty_list(term(), term())}
         %Explorer.Backend.LazySeries{op: :clip_integer, args: non_empty_list(term(), term())}
         %Explorer.Backend.LazySeries{op: :variance, args: non_empty_list(term(), term())}
         %Explorer.Backend.LazySeries{op: :standard_deviation, args: non_empty_list(term(), term())}
         %Explorer.Backend.LazySeries{op: :acos, args: non_empty_list(term(), term())}
         %Explorer.Backend.LazySeries{op: :asin, args: non_empty_list(term(), term())}
         %Explorer.Backend.LazySeries{op: :atan, args: non_empty_list(term(), term())}
         %Explorer.Backend.LazySeries{op: :cos, args: non_empty_list(term(), term())}
         %Explorer.Backend.LazySeries{op: :degrees, args: non_empty_list(term(), term())}
         %Explorer.Backend.LazySeries{op: :radians, args: non_empty_list(term(), term())}
         %Explorer.Backend.LazySeries{op: :sin, args: non_empty_list(term(), term())}
         %Explorer.Backend.LazySeries{op: :tan, args: non_empty_list(term(), term())}
         %Explorer.Backend.LazySeries{op: :cumulative_max, args: non_empty_list(term(), term())}
         %Explorer.Backend.LazySeries{op: :cumulative_min, args: non_empty_list(term(), term())}
         %Explorer.Backend.LazySeries{op: :cumulative_sum, args: non_empty_list(term(), term())}
         %Explorer.Backend.LazySeries{op: :cumulative_count, args: non_empty_list(term(), term())}
         %Explorer.Backend.LazySeries{op: :cumulative_product, args: non_empty_list(term(), term())}
         %Explorer.Backend.LazySeries{op: :window_max, args: non_empty_list(term(), term())}
         %Explorer.Backend.LazySeries{op: :window_mean, args: non_empty_list(term(), term())}
         %Explorer.Backend.LazySeries{op: :window_median, args: non_empty_list(term(), term())}
         %Explorer.Backend.LazySeries{op: :window_min, args: non_empty_list(term(), term())}
         %Explorer.Backend.LazySeries{op: :window_sum, args: non_empty_list(term(), term())}
         %Explorer.Backend.LazySeries{op: :window_standard_deviation, args: non_empty_list(term(), term())}
         %Explorer.Backend.LazySeries{op: :ewm_mean, args: non_empty_list(term(), term())}
         %Explorer.Backend.LazySeries{op: :ewm_standard_deviation, args: non_empty_list(term(), term())}
         %Explorer.Backend.LazySeries{op: :ewm_variance, args: non_empty_list(term(), term())}
         %Explorer.Backend.LazySeries{op: :strptime, args: non_empty_list(term(), term())}
         %Explorer.Backend.LazySeries{op: :strftime, args: non_empty_list(term(), term())}
         %Explorer.Backend.LazySeries{op: :contains, args: non_empty_list(term(), term())}
         %Explorer.Backend.LazySeries{op: :re_contains, args: non_empty_list(term(), term())}
         %Explorer.Backend.LazySeries{op: :replace, args: non_empty_list(term(), term())}
         %Explorer.Backend.LazySeries{op: :re_replace, args: non_empty_list(term(), term())}
         %Explorer.Backend.LazySeries{op: :strip, args: non_empty_list(term(), term())}
         %Explorer.Backend.LazySeries{op: :lstrip, args: non_empty_list(term(), term())}
         %Explorer.Backend.LazySeries{op: :rstrip, args: non_empty_list(term(), term())}
         %Explorer.Backend.LazySeries{op: :downcase, args: non_empty_list(term(), term())}
         %Explorer.Backend.LazySeries{op: :upcase, args: non_empty_list(term(), term())}
         %Explorer.Backend.LazySeries{op: :substring, args: non_empty_list(term(), term())}
         %Explorer.Backend.LazySeries{op: :split, args: non_empty_list(term(), term())}
         %Explorer.Backend.LazySeries{op: :split_into, args: non_empty_list(term(), term())}
         %Explorer.Backend.LazySeries{op: :json_decode, args: non_empty_list(term(), term())}
         %Explorer.Backend.LazySeries{op: :json_path_match, args: non_empty_list(term(), term())}
         %Explorer.Backend.LazySeries{op: :count_matches, args: non_empty_list(term(), term())}
         %Explorer.Backend.LazySeries{op: :re_count_matches, args: non_empty_list(term(), term())}
         %Explorer.Backend.LazySeries{op: :re_scan, args: non_empty_list(term(), term())}
         %Explorer.Backend.LazySeries{op: :re_named_captures, args: non_empty_list(term(), term())}
         %Explorer.Backend.LazySeries{op: :join, args: non_empty_list(term(), term())}
         %Explorer.Backend.LazySeries{op: :lengths, args: non_empty_list(term(), term())}
         %Explorer.Backend.LazySeries{op: :member, args: non_empty_list(term(), term())}
         %Explorer.Backend.LazySeries{op: :field, args: non_empty_list(term(), term())}

     │
 337 │     def to_expr(%LazySeries{op: unquote(op), args: unquote(args)}) do
     │         ~
     │
     └─ lib/explorer/polars_backend/expression.ex:337:9: Explorer.PolarsBackend.Expression.to_expr/1

     warning: the following clause is redundant:

         def to_expr(%Explorer.Backend.LazySeries{op: :cos, args: [arg1]})

     it has type:

         dynamic(%Explorer.Backend.LazySeries{op: :cos, args: non_empty_list(term())})

     previous clauses have already matched on the following types:

         %Explorer.Backend.LazySeries{op: :quantile, args: non_empty_list(term(), term())}
         %Explorer.Backend.LazySeries{op: :argsort, args: non_empty_list(term(), term())}
         %Explorer.Backend.LazySeries{op: :sort, args: non_empty_list(term(), term())}
         %Explorer.Backend.LazySeries{op: :head, args: non_empty_list(term(), term())}
         %Explorer.Backend.LazySeries{op: :tail, args: non_empty_list(term(), term())}
         %Explorer.Backend.LazySeries{op: :peaks, args: non_empty_list(term(), term())}
         %Explorer.Backend.LazySeries{op: :rank, args: non_empty_list(term(), term())}
         %Explorer.Backend.LazySeries{op: :sample_n, args: non_empty_list(term(), term())}
         %Explorer.Backend.LazySeries{op: :sample_frac, args: non_empty_list(term(), term())}
         %Explorer.Backend.LazySeries{op: :exp, args: non_empty_list(term(), term())}
         %Explorer.Backend.LazySeries{op: :skew, args: non_empty_list(term(), term())}
         %Explorer.Backend.LazySeries{op: :round, args: non_empty_list(term(), term())}
         %Explorer.Backend.LazySeries{op: :clip_float, args: non_empty_list(term(), term())}
         %Explorer.Backend.LazySeries{op: :clip_integer, args: non_empty_list(term(), term())}
         %Explorer.Backend.LazySeries{op: :variance, args: non_empty_list(term(), term())}
         %Explorer.Backend.LazySeries{op: :standard_deviation, args: non_empty_list(term(), term())}
         %Explorer.Backend.LazySeries{op: :acos, args: non_empty_list(term(), term())}
         %Explorer.Backend.LazySeries{op: :asin, args: non_empty_list(term(), term())}
         %Explorer.Backend.LazySeries{op: :atan, args: non_empty_list(term(), term())}
         %Explorer.Backend.LazySeries{op: :cos, args: non_empty_list(term(), term())}
         %Explorer.Backend.LazySeries{op: :degrees, args: non_empty_list(term(), term())}
         %Explorer.Backend.LazySeries{op: :radians, args: non_empty_list(term(), term())}
         %Explorer.Backend.LazySeries{op: :sin, args: non_empty_list(term(), term())}
         %Explorer.Backend.LazySeries{op: :tan, args: non_empty_list(term(), term())}
         %Explorer.Backend.LazySeries{op: :cumulative_max, args: non_empty_list(term(), term())}
         %Explorer.Backend.LazySeries{op: :cumulative_min, args: non_empty_list(term(), term())}
         %Explorer.Backend.LazySeries{op: :cumulative_sum, args: non_empty_list(term(), term())}
         %Explorer.Backend.LazySeries{op: :cumulative_count, args: non_empty_list(term(), term())}
         %Explorer.Backend.LazySeries{op: :cumulative_product, args: non_empty_list(term(), term())}
         %Explorer.Backend.LazySeries{op: :window_max, args: non_empty_list(term(), term())}
         %Explorer.Backend.LazySeries{op: :window_mean, args: non_empty_list(term(), term())}
         %Explorer.Backend.LazySeries{op: :window_median, args: non_empty_list(term(), term())}
         %Explorer.Backend.LazySeries{op: :window_min, args: non_empty_list(term(), term())}
         %Explorer.Backend.LazySeries{op: :window_sum, args: non_empty_list(term(), term())}
         %Explorer.Backend.LazySeries{op: :window_standard_deviation, args: non_empty_list(term(), term())}
         %Explorer.Backend.LazySeries{op: :ewm_mean, args: non_empty_list(term(), term())}
         %Explorer.Backend.LazySeries{op: :ewm_standard_deviation, args: non_empty_list(term(), term())}
         %Explorer.Backend.LazySeries{op: :ewm_variance, args: non_empty_list(term(), term())}
         %Explorer.Backend.LazySeries{op: :strptime, args: non_empty_list(term(), term())}
         %Explorer.Backend.LazySeries{op: :strftime, args: non_empty_list(term(), term())}
         %Explorer.Backend.LazySeries{op: :contains, args: non_empty_list(term(), term())}
         %Explorer.Backend.LazySeries{op: :re_contains, args: non_empty_list(term(), term())}
         %Explorer.Backend.LazySeries{op: :replace, args: non_empty_list(term(), term())}
         %Explorer.Backend.LazySeries{op: :re_replace, args: non_empty_list(term(), term())}
         %Explorer.Backend.LazySeries{op: :strip, args: non_empty_list(term(), term())}
         %Explorer.Backend.LazySeries{op: :lstrip, args: non_empty_list(term(), term())}
         %Explorer.Backend.LazySeries{op: :rstrip, args: non_empty_list(term(), term())}
         %Explorer.Backend.LazySeries{op: :downcase, args: non_empty_list(term(), term())}
         %Explorer.Backend.LazySeries{op: :upcase, args: non_empty_list(term(), term())}
         %Explorer.Backend.LazySeries{op: :substring, args: non_empty_list(term(), term())}
         %Explorer.Backend.LazySeries{op: :split, args: non_empty_list(term(), term())}
         %Explorer.Backend.LazySeries{op: :split_into, args: non_empty_list(term(), term())}
         %Explorer.Backend.LazySeries{op: :json_decode, args: non_empty_list(term(), term())}
         %Explorer.Backend.LazySeries{op: :json_path_match, args: non_empty_list(term(), term())}
         %Explorer.Backend.LazySeries{op: :count_matches, args: non_empty_list(term(), term())}
         %Explorer.Backend.LazySeries{op: :re_count_matches, args: non_empty_list(term(), term())}
         %Explorer.Backend.LazySeries{op: :re_scan, args: non_empty_list(term(), term())}
         %Explorer.Backend.LazySeries{op: :re_named_captures, args: non_empty_list(term(), term())}
         %Explorer.Backend.LazySeries{op: :join, args: non_empty_list(term(), term())}
         %Explorer.Backend.LazySeries{op: :lengths, args: non_empty_list(term(), term())}
         %Explorer.Backend.LazySeries{op: :member, args: non_empty_list(term(), term())}
         %Explorer.Backend.LazySeries{op: :field, args: non_empty_list(term(), term())}

     │
 337 │     def to_expr(%LazySeries{op: unquote(op), args: unquote(args)}) do
     │         ~
     │
     └─ lib/explorer/polars_backend/expression.ex:337:9: Explorer.PolarsBackend.Expression.to_expr/1

     warning: the following clause is redundant:

         def to_expr(%Explorer.Backend.LazySeries{op: :degrees, args: [arg1]})

     it has type:

         dynamic(%Explorer.Backend.LazySeries{op: :degrees, args: non_empty_list(term())})

     previous clauses have already matched on the following types:

         %Explorer.Backend.LazySeries{op: :quantile, args: non_empty_list(term(), term())}
         %Explorer.Backend.LazySeries{op: :argsort, args: non_empty_list(term(), term())}
         %Explorer.Backend.LazySeries{op: :sort, args: non_empty_list(term(), term())}
         %Explorer.Backend.LazySeries{op: :head, args: non_empty_list(term(), term())}
         %Explorer.Backend.LazySeries{op: :tail, args: non_empty_list(term(), term())}
         %Explorer.Backend.LazySeries{op: :peaks, args: non_empty_list(term(), term())}
         %Explorer.Backend.LazySeries{op: :rank, args: non_empty_list(term(), term())}
         %Explorer.Backend.LazySeries{op: :sample_n, args: non_empty_list(term(), term())}
         %Explorer.Backend.LazySeries{op: :sample_frac, args: non_empty_list(term(), term())}
         %Explorer.Backend.LazySeries{op: :exp, args: non_empty_list(term(), term())}
         %Explorer.Backend.LazySeries{op: :skew, args: non_empty_list(term(), term())}
         %Explorer.Backend.LazySeries{op: :round, args: non_empty_list(term(), term())}
         %Explorer.Backend.LazySeries{op: :clip_float, args: non_empty_list(term(), term())}
         %Explorer.Backend.LazySeries{op: :clip_integer, args: non_empty_list(term(), term())}
         %Explorer.Backend.LazySeries{op: :variance, args: non_empty_list(term(), term())}
         %Explorer.Backend.LazySeries{op: :standard_deviation, args: non_empty_list(term(), term())}
         %Explorer.Backend.LazySeries{op: :acos, args: non_empty_list(term(), term())}
         %Explorer.Backend.LazySeries{op: :asin, args: non_empty_list(term(), term())}
         %Explorer.Backend.LazySeries{op: :atan, args: non_empty_list(term(), term())}
         %Explorer.Backend.LazySeries{op: :cos, args: non_empty_list(term(), term())}
         %Explorer.Backend.LazySeries{op: :degrees, args: non_empty_list(term(), term())}
         %Explorer.Backend.LazySeries{op: :radians, args: non_empty_list(term(), term())}
         %Explorer.Backend.LazySeries{op: :sin, args: non_empty_list(term(), term())}
         %Explorer.Backend.LazySeries{op: :tan, args: non_empty_list(term(), term())}
         %Explorer.Backend.LazySeries{op: :cumulative_max, args: non_empty_list(term(), term())}
         %Explorer.Backend.LazySeries{op: :cumulative_min, args: non_empty_list(term(), term())}
         %Explorer.Backend.LazySeries{op: :cumulative_sum, args: non_empty_list(term(), term())}
         %Explorer.Backend.LazySeries{op: :cumulative_count, args: non_empty_list(term(), term())}
         %Explorer.Backend.LazySeries{op: :cumulative_product, args: non_empty_list(term(), term())}
         %Explorer.Backend.LazySeries{op: :window_max, args: non_empty_list(term(), term())}
         %Explorer.Backend.LazySeries{op: :window_mean, args: non_empty_list(term(), term())}
         %Explorer.Backend.LazySeries{op: :window_median, args: non_empty_list(term(), term())}
         %Explorer.Backend.LazySeries{op: :window_min, args: non_empty_list(term(), term())}
         %Explorer.Backend.LazySeries{op: :window_sum, args: non_empty_list(term(), term())}
         %Explorer.Backend.LazySeries{op: :window_standard_deviation, args: non_empty_list(term(), term())}
         %Explorer.Backend.LazySeries{op: :ewm_mean, args: non_empty_list(term(), term())}
         %Explorer.Backend.LazySeries{op: :ewm_standard_deviation, args: non_empty_list(term(), term())}
         %Explorer.Backend.LazySeries{op: :ewm_variance, args: non_empty_list(term(), term())}
         %Explorer.Backend.LazySeries{op: :strptime, args: non_empty_list(term(), term())}
         %Explorer.Backend.LazySeries{op: :strftime, args: non_empty_list(term(), term())}
         %Explorer.Backend.LazySeries{op: :contains, args: non_empty_list(term(), term())}
         %Explorer.Backend.LazySeries{op: :re_contains, args: non_empty_list(term(), term())}
         %Explorer.Backend.LazySeries{op: :replace, args: non_empty_list(term(), term())}
         %Explorer.Backend.LazySeries{op: :re_replace, args: non_empty_list(term(), term())}
         %Explorer.Backend.LazySeries{op: :strip, args: non_empty_list(term(), term())}
         %Explorer.Backend.LazySeries{op: :lstrip, args: non_empty_list(term(), term())}
         %Explorer.Backend.LazySeries{op: :rstrip, args: non_empty_list(term(), term())}
         %Explorer.Backend.LazySeries{op: :downcase, args: non_empty_list(term(), term())}
         %Explorer.Backend.LazySeries{op: :upcase, args: non_empty_list(term(), term())}
         %Explorer.Backend.LazySeries{op: :substring, args: non_empty_list(term(), term())}
         %Explorer.Backend.LazySeries{op: :split, args: non_empty_list(term(), term())}
         %Explorer.Backend.LazySeries{op: :split_into, args: non_empty_list(term(), term())}
         %Explorer.Backend.LazySeries{op: :json_decode, args: non_empty_list(term(), term())}
         %Explorer.Backend.LazySeries{op: :json_path_match, args: non_empty_list(term(), term())}
         %Explorer.Backend.LazySeries{op: :count_matches, args: non_empty_list(term(), term())}
         %Explorer.Backend.LazySeries{op: :re_count_matches, args: non_empty_list(term(), term())}
         %Explorer.Backend.LazySeries{op: :re_scan, args: non_empty_list(term(), term())}
         %Explorer.Backend.LazySeries{op: :re_named_captures, args: non_empty_list(term(), term())}
         %Explorer.Backend.LazySeries{op: :join, args: non_empty_list(term(), term())}
         %Explorer.Backend.LazySeries{op: :lengths, args: non_empty_list(term(), term())}
         %Explorer.Backend.LazySeries{op: :member, args: non_empty_list(term(), term())}
         %Explorer.Backend.LazySeries{op: :field, args: non_empty_list(term(), term())}

     │
 337 │     def to_expr(%LazySeries{op: unquote(op), args: unquote(args)}) do
     │         ~
     │
     └─ lib/explorer/polars_backend/expression.ex:337:9: Explorer.PolarsBackend.Expression.to_expr/1

     warning: the following clause is redundant:

         def to_expr(%Explorer.Backend.LazySeries{op: :exp, args: [arg1]})

     it has type:

         dynamic(%Explorer.Backend.LazySeries{op: :exp, args: non_empty_list(term())})

     previous clauses have already matched on the following types:

         %Explorer.Backend.LazySeries{op: :quantile, args: non_empty_list(term(), term())}
         %Explorer.Backend.LazySeries{op: :argsort, args: non_empty_list(term(), term())}
         %Explorer.Backend.LazySeries{op: :sort, args: non_empty_list(term(), term())}
         %Explorer.Backend.LazySeries{op: :head, args: non_empty_list(term(), term())}
         %Explorer.Backend.LazySeries{op: :tail, args: non_empty_list(term(), term())}
         %Explorer.Backend.LazySeries{op: :peaks, args: non_empty_list(term(), term())}
         %Explorer.Backend.LazySeries{op: :rank, args: non_empty_list(term(), term())}
         %Explorer.Backend.LazySeries{op: :sample_n, args: non_empty_list(term(), term())}
         %Explorer.Backend.LazySeries{op: :sample_frac, args: non_empty_list(term(), term())}
         %Explorer.Backend.LazySeries{op: :exp, args: non_empty_list(term(), term())}
         %Explorer.Backend.LazySeries{op: :skew, args: non_empty_list(term(), term())}
         %Explorer.Backend.LazySeries{op: :round, args: non_empty_list(term(), term())}
         %Explorer.Backend.LazySeries{op: :clip_float, args: non_empty_list(term(), term())}
         %Explorer.Backend.LazySeries{op: :clip_integer, args: non_empty_list(term(), term())}
         %Explorer.Backend.LazySeries{op: :variance, args: non_empty_list(term(), term())}
         %Explorer.Backend.LazySeries{op: :standard_deviation, args: non_empty_list(term(), term())}
         %Explorer.Backend.LazySeries{op: :acos, args: non_empty_list(term(), term())}
         %Explorer.Backend.LazySeries{op: :asin, args: non_empty_list(term(), term())}
         %Explorer.Backend.LazySeries{op: :atan, args: non_empty_list(term(), term())}
         %Explorer.Backend.LazySeries{op: :cos, args: non_empty_list(term(), term())}
         %Explorer.Backend.LazySeries{op: :degrees, args: non_empty_list(term(), term())}
         %Explorer.Backend.LazySeries{op: :radians, args: non_empty_list(term(), term())}
         %Explorer.Backend.LazySeries{op: :sin, args: non_empty_list(term(), term())}
         %Explorer.Backend.LazySeries{op: :tan, args: non_empty_list(term(), term())}
         %Explorer.Backend.LazySeries{op: :cumulative_max, args: non_empty_list(term(), term())}
         %Explorer.Backend.LazySeries{op: :cumulative_min, args: non_empty_list(term(), term())}
         %Explorer.Backend.LazySeries{op: :cumulative_sum, args: non_empty_list(term(), term())}
         %Explorer.Backend.LazySeries{op: :cumulative_count, args: non_empty_list(term(), term())}
         %Explorer.Backend.LazySeries{op: :cumulative_product, args: non_empty_list(term(), term())}
         %Explorer.Backend.LazySeries{op: :window_max, args: non_empty_list(term(), term())}
         %Explorer.Backend.LazySeries{op: :window_mean, args: non_empty_list(term(), term())}
         %Explorer.Backend.LazySeries{op: :window_median, args: non_empty_list(term(), term())}
         %Explorer.Backend.LazySeries{op: :window_min, args: non_empty_list(term(), term())}
         %Explorer.Backend.LazySeries{op: :window_sum, args: non_empty_list(term(), term())}
         %Explorer.Backend.LazySeries{op: :window_standard_deviation, args: non_empty_list(term(), term())}
         %Explorer.Backend.LazySeries{op: :ewm_mean, args: non_empty_list(term(), term())}
         %Explorer.Backend.LazySeries{op: :ewm_standard_deviation, args: non_empty_list(term(), term())}
         %Explorer.Backend.LazySeries{op: :ewm_variance, args: non_empty_list(term(), term())}
         %Explorer.Backend.LazySeries{op: :strptime, args: non_empty_list(term(), term())}
         %Explorer.Backend.LazySeries{op: :strftime, args: non_empty_list(term(), term())}
         %Explorer.Backend.LazySeries{op: :contains, args: non_empty_list(term(), term())}
         %Explorer.Backend.LazySeries{op: :re_contains, args: non_empty_list(term(), term())}
         %Explorer.Backend.LazySeries{op: :replace, args: non_empty_list(term(), term())}
         %Explorer.Backend.LazySeries{op: :re_replace, args: non_empty_list(term(), term())}
         %Explorer.Backend.LazySeries{op: :strip, args: non_empty_list(term(), term())}
         %Explorer.Backend.LazySeries{op: :lstrip, args: non_empty_list(term(), term())}
         %Explorer.Backend.LazySeries{op: :rstrip, args: non_empty_list(term(), term())}
         %Explorer.Backend.LazySeries{op: :downcase, args: non_empty_list(term(), term())}
         %Explorer.Backend.LazySeries{op: :upcase, args: non_empty_list(term(), term())}
         %Explorer.Backend.LazySeries{op: :substring, args: non_empty_list(term(), term())}
         %Explorer.Backend.LazySeries{op: :split, args: non_empty_list(term(), term())}
         %Explorer.Backend.LazySeries{op: :split_into, args: non_empty_list(term(), term())}
         %Explorer.Backend.LazySeries{op: :json_decode, args: non_empty_list(term(), term())}
         %Explorer.Backend.LazySeries{op: :json_path_match, args: non_empty_list(term(), term())}
         %Explorer.Backend.LazySeries{op: :count_matches, args: non_empty_list(term(), term())}
         %Explorer.Backend.LazySeries{op: :re_count_matches, args: non_empty_list(term(), term())}
         %Explorer.Backend.LazySeries{op: :re_scan, args: non_empty_list(term(), term())}
         %Explorer.Backend.LazySeries{op: :re_named_captures, args: non_empty_list(term(), term())}
         %Explorer.Backend.LazySeries{op: :join, args: non_empty_list(term(), term())}
         %Explorer.Backend.LazySeries{op: :lengths, args: non_empty_list(term(), term())}
         %Explorer.Backend.LazySeries{op: :member, args: non_empty_list(term(), term())}
         %Explorer.Backend.LazySeries{op: :field, args: non_empty_list(term(), term())}

     │
 337 │     def to_expr(%LazySeries{op: unquote(op), args: unquote(args)}) do
     │         ~
     │
     └─ lib/explorer/polars_backend/expression.ex:337:9: Explorer.PolarsBackend.Expression.to_expr/1

     warning: the following clause is redundant:

         def to_expr(%Explorer.Backend.LazySeries{op: :radians, args: [arg1]})

     it has type:

         dynamic(%Explorer.Backend.LazySeries{op: :radians, args: non_empty_list(term())})

     previous clauses have already matched on the following types:

         %Explorer.Backend.LazySeries{op: :quantile, args: non_empty_list(term(), term())}
         %Explorer.Backend.LazySeries{op: :argsort, args: non_empty_list(term(), term())}
         %Explorer.Backend.LazySeries{op: :sort, args: non_empty_list(term(), term())}
         %Explorer.Backend.LazySeries{op: :head, args: non_empty_list(term(), term())}
         %Explorer.Backend.LazySeries{op: :tail, args: non_empty_list(term(), term())}
         %Explorer.Backend.LazySeries{op: :peaks, args: non_empty_list(term(), term())}
         %Explorer.Backend.LazySeries{op: :rank, args: non_empty_list(term(), term())}
         %Explorer.Backend.LazySeries{op: :sample_n, args: non_empty_list(term(), term())}
         %Explorer.Backend.LazySeries{op: :sample_frac, args: non_empty_list(term(), term())}
         %Explorer.Backend.LazySeries{op: :exp, args: non_empty_list(term(), term())}
         %Explorer.Backend.LazySeries{op: :skew, args: non_empty_list(term(), term())}
         %Explorer.Backend.LazySeries{op: :round, args: non_empty_list(term(), term())}
         %Explorer.Backend.LazySeries{op: :clip_float, args: non_empty_list(term(), term())}
         %Explorer.Backend.LazySeries{op: :clip_integer, args: non_empty_list(term(), term())}
         %Explorer.Backend.LazySeries{op: :variance, args: non_empty_list(term(), term())}
         %Explorer.Backend.LazySeries{op: :standard_deviation, args: non_empty_list(term(), term())}
         %Explorer.Backend.LazySeries{op: :acos, args: non_empty_list(term(), term())}
         %Explorer.Backend.LazySeries{op: :asin, args: non_empty_list(term(), term())}
         %Explorer.Backend.LazySeries{op: :atan, args: non_empty_list(term(), term())}
         %Explorer.Backend.LazySeries{op: :cos, args: non_empty_list(term(), term())}
         %Explorer.Backend.LazySeries{op: :degrees, args: non_empty_list(term(), term())}
         %Explorer.Backend.LazySeries{op: :radians, args: non_empty_list(term(), term())}
         %Explorer.Backend.LazySeries{op: :sin, args: non_empty_list(term(), term())}
         %Explorer.Backend.LazySeries{op: :tan, args: non_empty_list(term(), term())}
         %Explorer.Backend.LazySeries{op: :cumulative_max, args: non_empty_list(term(), term())}
         %Explorer.Backend.LazySeries{op: :cumulative_min, args: non_empty_list(term(), term())}
         %Explorer.Backend.LazySeries{op: :cumulative_sum, args: non_empty_list(term(), term())}
         %Explorer.Backend.LazySeries{op: :cumulative_count, args: non_empty_list(term(), term())}
         %Explorer.Backend.LazySeries{op: :cumulative_product, args: non_empty_list(term(), term())}
         %Explorer.Backend.LazySeries{op: :window_max, args: non_empty_list(term(), term())}
         %Explorer.Backend.LazySeries{op: :window_mean, args: non_empty_list(term(), term())}
         %Explorer.Backend.LazySeries{op: :window_median, args: non_empty_list(term(), term())}
         %Explorer.Backend.LazySeries{op: :window_min, args: non_empty_list(term(), term())}
         %Explorer.Backend.LazySeries{op: :window_sum, args: non_empty_list(term(), term())}
         %Explorer.Backend.LazySeries{op: :window_standard_deviation, args: non_empty_list(term(), term())}
         %Explorer.Backend.LazySeries{op: :ewm_mean, args: non_empty_list(term(), term())}
         %Explorer.Backend.LazySeries{op: :ewm_standard_deviation, args: non_empty_list(term(), term())}
         %Explorer.Backend.LazySeries{op: :ewm_variance, args: non_empty_list(term(), term())}
         %Explorer.Backend.LazySeries{op: :strptime, args: non_empty_list(term(), term())}
         %Explorer.Backend.LazySeries{op: :strftime, args: non_empty_list(term(), term())}
         %Explorer.Backend.LazySeries{op: :contains, args: non_empty_list(term(), term())}
         %Explorer.Backend.LazySeries{op: :re_contains, args: non_empty_list(term(), term())}
         %Explorer.Backend.LazySeries{op: :replace, args: non_empty_list(term(), term())}
         %Explorer.Backend.LazySeries{op: :re_replace, args: non_empty_list(term(), term())}
         %Explorer.Backend.LazySeries{op: :strip, args: non_empty_list(term(), term())}
         %Explorer.Backend.LazySeries{op: :lstrip, args: non_empty_list(term(), term())}
         %Explorer.Backend.LazySeries{op: :rstrip, args: non_empty_list(term(), term())}
         %Explorer.Backend.LazySeries{op: :downcase, args: non_empty_list(term(), term())}
         %Explorer.Backend.LazySeries{op: :upcase, args: non_empty_list(term(), term())}
         %Explorer.Backend.LazySeries{op: :substring, args: non_empty_list(term(), term())}
         %Explorer.Backend.LazySeries{op: :split, args: non_empty_list(term(), term())}
         %Explorer.Backend.LazySeries{op: :split_into, args: non_empty_list(term(), term())}
         %Explorer.Backend.LazySeries{op: :json_decode, args: non_empty_list(term(), term())}
         %Explorer.Backend.LazySeries{op: :json_path_match, args: non_empty_list(term(), term())}
         %Explorer.Backend.LazySeries{op: :count_matches, args: non_empty_list(term(), term())}
         %Explorer.Backend.LazySeries{op: :re_count_matches, args: non_empty_list(term(), term())}
         %Explorer.Backend.LazySeries{op: :re_scan, args: non_empty_list(term(), term())}
         %Explorer.Backend.LazySeries{op: :re_named_captures, args: non_empty_list(term(), term())}
         %Explorer.Backend.LazySeries{op: :join, args: non_empty_list(term(), term())}
         %Explorer.Backend.LazySeries{op: :lengths, args: non_empty_list(term(), term())}
         %Explorer.Backend.LazySeries{op: :member, args: non_empty_list(term(), term())}
         %Explorer.Backend.LazySeries{op: :field, args: non_empty_list(term(), term())}

     │
 337 │     def to_expr(%LazySeries{op: unquote(op), args: unquote(args)}) do
     │         ~
     │
     └─ lib/explorer/polars_backend/expression.ex:337:9: Explorer.PolarsBackend.Expression.to_expr/1

     warning: the following clause is redundant:

         def to_expr(%Explorer.Backend.LazySeries{op: :sin, args: [arg1]})

     it has type:

         dynamic(%Explorer.Backend.LazySeries{op: :sin, args: non_empty_list(term())})

     previous clauses have already matched on the following types:

         %Explorer.Backend.LazySeries{op: :quantile, args: non_empty_list(term(), term())}
         %Explorer.Backend.LazySeries{op: :argsort, args: non_empty_list(term(), term())}
         %Explorer.Backend.LazySeries{op: :sort, args: non_empty_list(term(), term())}
         %Explorer.Backend.LazySeries{op: :head, args: non_empty_list(term(), term())}
         %Explorer.Backend.LazySeries{op: :tail, args: non_empty_list(term(), term())}
         %Explorer.Backend.LazySeries{op: :peaks, args: non_empty_list(term(), term())}
         %Explorer.Backend.LazySeries{op: :rank, args: non_empty_list(term(), term())}
         %Explorer.Backend.LazySeries{op: :sample_n, args: non_empty_list(term(), term())}
         %Explorer.Backend.LazySeries{op: :sample_frac, args: non_empty_list(term(), term())}
         %Explorer.Backend.LazySeries{op: :exp, args: non_empty_list(term(), term())}
         %Explorer.Backend.LazySeries{op: :skew, args: non_empty_list(term(), term())}
         %Explorer.Backend.LazySeries{op: :round, args: non_empty_list(term(), term())}
         %Explorer.Backend.LazySeries{op: :clip_float, args: non_empty_list(term(), term())}
         %Explorer.Backend.LazySeries{op: :clip_integer, args: non_empty_list(term(), term())}
         %Explorer.Backend.LazySeries{op: :variance, args: non_empty_list(term(), term())}
         %Explorer.Backend.LazySeries{op: :standard_deviation, args: non_empty_list(term(), term())}
         %Explorer.Backend.LazySeries{op: :acos, args: non_empty_list(term(), term())}
         %Explorer.Backend.LazySeries{op: :asin, args: non_empty_list(term(), term())}
         %Explorer.Backend.LazySeries{op: :atan, args: non_empty_list(term(), term())}
         %Explorer.Backend.LazySeries{op: :cos, args: non_empty_list(term(), term())}
         %Explorer.Backend.LazySeries{op: :degrees, args: non_empty_list(term(), term())}
         %Explorer.Backend.LazySeries{op: :radians, args: non_empty_list(term(), term())}
         %Explorer.Backend.LazySeries{op: :sin, args: non_empty_list(term(), term())}
         %Explorer.Backend.LazySeries{op: :tan, args: non_empty_list(term(), term())}
         %Explorer.Backend.LazySeries{op: :cumulative_max, args: non_empty_list(term(), term())}
         %Explorer.Backend.LazySeries{op: :cumulative_min, args: non_empty_list(term(), term())}
         %Explorer.Backend.LazySeries{op: :cumulative_sum, args: non_empty_list(term(), term())}
         %Explorer.Backend.LazySeries{op: :cumulative_count, args: non_empty_list(term(), term())}
         %Explorer.Backend.LazySeries{op: :cumulative_product, args: non_empty_list(term(), term())}
         %Explorer.Backend.LazySeries{op: :window_max, args: non_empty_list(term(), term())}
         %Explorer.Backend.LazySeries{op: :window_mean, args: non_empty_list(term(), term())}
         %Explorer.Backend.LazySeries{op: :window_median, args: non_empty_list(term(), term())}
         %Explorer.Backend.LazySeries{op: :window_min, args: non_empty_list(term(), term())}
         %Explorer.Backend.LazySeries{op: :window_sum, args: non_empty_list(term(), term())}
         %Explorer.Backend.LazySeries{op: :window_standard_deviation, args: non_empty_list(term(), term())}
         %Explorer.Backend.LazySeries{op: :ewm_mean, args: non_empty_list(term(), term())}
         %Explorer.Backend.LazySeries{op: :ewm_standard_deviation, args: non_empty_list(term(), term())}
         %Explorer.Backend.LazySeries{op: :ewm_variance, args: non_empty_list(term(), term())}
         %Explorer.Backend.LazySeries{op: :strptime, args: non_empty_list(term(), term())}
         %Explorer.Backend.LazySeries{op: :strftime, args: non_empty_list(term(), term())}
         %Explorer.Backend.LazySeries{op: :contains, args: non_empty_list(term(), term())}
         %Explorer.Backend.LazySeries{op: :re_contains, args: non_empty_list(term(), term())}
         %Explorer.Backend.LazySeries{op: :replace, args: non_empty_list(term(), term())}
         %Explorer.Backend.LazySeries{op: :re_replace, args: non_empty_list(term(), term())}
         %Explorer.Backend.LazySeries{op: :strip, args: non_empty_list(term(), term())}
         %Explorer.Backend.LazySeries{op: :lstrip, args: non_empty_list(term(), term())}
         %Explorer.Backend.LazySeries{op: :rstrip, args: non_empty_list(term(), term())}
         %Explorer.Backend.LazySeries{op: :downcase, args: non_empty_list(term(), term())}
         %Explorer.Backend.LazySeries{op: :upcase, args: non_empty_list(term(), term())}
         %Explorer.Backend.LazySeries{op: :substring, args: non_empty_list(term(), term())}
         %Explorer.Backend.LazySeries{op: :split, args: non_empty_list(term(), term())}
         %Explorer.Backend.LazySeries{op: :split_into, args: non_empty_list(term(), term())}
         %Explorer.Backend.LazySeries{op: :json_decode, args: non_empty_list(term(), term())}
         %Explorer.Backend.LazySeries{op: :json_path_match, args: non_empty_list(term(), term())}
         %Explorer.Backend.LazySeries{op: :count_matches, args: non_empty_list(term(), term())}
         %Explorer.Backend.LazySeries{op: :re_count_matches, args: non_empty_list(term(), term())}
         %Explorer.Backend.LazySeries{op: :re_scan, args: non_empty_list(term(), term())}
         %Explorer.Backend.LazySeries{op: :re_named_captures, args: non_empty_list(term(), term())}
         %Explorer.Backend.LazySeries{op: :join, args: non_empty_list(term(), term())}
         %Explorer.Backend.LazySeries{op: :lengths, args: non_empty_list(term(), term())}
         %Explorer.Backend.LazySeries{op: :member, args: non_empty_list(term(), term())}
         %Explorer.Backend.LazySeries{op: :field, args: non_empty_list(term(), term())}

     │
 337 │     def to_expr(%LazySeries{op: unquote(op), args: unquote(args)}) do
     │         ~
     │
     └─ lib/explorer/polars_backend/expression.ex:337:9: Explorer.PolarsBackend.Expression.to_expr/1

      warning: incompatible types given to dtype_error/3:

          dtype_error("strftime/2", dtype, :datetime_like)

      given types:

          (
            binary(),
            dynamic(
              not ({:datetime, :microsecond or :millisecond or :nanosecond, binary()} and
                     not {:naive_datetime, :microsecond or :millisecond or :nanosecond}) and
                not {:naive_datetime, :microsecond or :millisecond or :nanosecond}
            ),
            -:datetime_like-
          )

      but expected one of:

          term(), term(), non_empty_list(term(), term())

      where "dtype" was given the type:

          # type: dynamic(
            not ({:datetime, :microsecond or :millisecond or :nanosecond, binary()} and
                   not {:naive_datetime, :microsecond or :millisecond or :nanosecond}) and
              not {:naive_datetime, :microsecond or :millisecond or :nanosecond}
          )
          # from: lib/explorer/series.ex:1145:16
          %Explorer.Series{dtype: dtype}

      type warning found at:
      │
 1146 │     do: dtype_error("strftime/2", dtype, :datetime_like)
      │         ~
      │
      └─ lib/explorer/series.ex:1146:9: Explorer.Series.strftime/2

     warning: the following clause is redundant:

         def to_expr(%Explorer.Backend.LazySeries{op: :skew, args: [arg1, arg2]})

     it has type:

         dynamic(%Explorer.Backend.LazySeries{op: :skew, args: non_empty_list(term())})

     previous clauses have already matched on the following types:

         %Explorer.Backend.LazySeries{op: :quantile, args: non_empty_list(term(), term())}
         %Explorer.Backend.LazySeries{op: :argsort, args: non_empty_list(term(), term())}
         %Explorer.Backend.LazySeries{op: :sort, args: non_empty_list(term(), term())}
         %Explorer.Backend.LazySeries{op: :head, args: non_empty_list(term(), term())}
         %Explorer.Backend.LazySeries{op: :tail, args: non_empty_list(term(), term())}
         %Explorer.Backend.LazySeries{op: :peaks, args: non_empty_list(term(), term())}
         %Explorer.Backend.LazySeries{op: :rank, args: non_empty_list(term(), term())}
         %Explorer.Backend.LazySeries{op: :sample_n, args: non_empty_list(term(), term())}
         %Explorer.Backend.LazySeries{op: :sample_frac, args: non_empty_list(term(), term())}
         %Explorer.Backend.LazySeries{op: :exp, args: non_empty_list(term(), term())}
         %Explorer.Backend.LazySeries{op: :skew, args: non_empty_list(term(), term())}
         %Explorer.Backend.LazySeries{op: :round, args: non_empty_list(term(), term())}
         %Explorer.Backend.LazySeries{op: :clip_float, args: non_empty_list(term(), term())}
         %Explorer.Backend.LazySeries{op: :clip_integer, args: non_empty_list(term(), term())}
         %Explorer.Backend.LazySeries{op: :variance, args: non_empty_list(term(), term())}
         %Explorer.Backend.LazySeries{op: :standard_deviation, args: non_empty_list(term(), term())}
         %Explorer.Backend.LazySeries{op: :acos, args: non_empty_list(term(), term())}
         %Explorer.Backend.LazySeries{op: :asin, args: non_empty_list(term(), term())}
         %Explorer.Backend.LazySeries{op: :atan, args: non_empty_list(term(), term())}
         %Explorer.Backend.LazySeries{op: :cos, args: non_empty_list(term(), term())}
         %Explorer.Backend.LazySeries{op: :degrees, args: non_empty_list(term(), term())}
         %Explorer.Backend.LazySeries{op: :radians, args: non_empty_list(term(), term())}
         %Explorer.Backend.LazySeries{op: :sin, args: non_empty_list(term(), term())}
         %Explorer.Backend.LazySeries{op: :tan, args: non_empty_list(term(), term())}
         %Explorer.Backend.LazySeries{op: :cumulative_max, args: non_empty_list(term(), term())}
         %Explorer.Backend.LazySeries{op: :cumulative_min, args: non_empty_list(term(), term())}
         %Explorer.Backend.LazySeries{op: :cumulative_sum, args: non_empty_list(term(), term())}
         %Explorer.Backend.LazySeries{op: :cumulative_count, args: non_empty_list(term(), term())}
         %Explorer.Backend.LazySeries{op: :cumulative_product, args: non_empty_list(term(), term())}
         %Explorer.Backend.LazySeries{op: :window_max, args: non_empty_list(term(), term())}
         %Explorer.Backend.LazySeries{op: :window_mean, args: non_empty_list(term(), term())}
         %Explorer.Backend.LazySeries{op: :window_median, args: non_empty_list(term(), term())}
         %Explorer.Backend.LazySeries{op: :window_min, args: non_empty_list(term(), term())}
         %Explorer.Backend.LazySeries{op: :window_sum, args: non_empty_list(term(), term())}
         %Explorer.Backend.LazySeries{op: :window_standard_deviation, args: non_empty_list(term(), term())}
         %Explorer.Backend.LazySeries{op: :ewm_mean, args: non_empty_list(term(), term())}
         %Explorer.Backend.LazySeries{op: :ewm_standard_deviation, args: non_empty_list(term(), term())}
         %Explorer.Backend.LazySeries{op: :ewm_variance, args: non_empty_list(term(), term())}
         %Explorer.Backend.LazySeries{op: :strptime, args: non_empty_list(term(), term())}
         %Explorer.Backend.LazySeries{op: :strftime, args: non_empty_list(term(), term())}
         %Explorer.Backend.LazySeries{op: :contains, args: non_empty_list(term(), term())}
         %Explorer.Backend.LazySeries{op: :re_contains, args: non_empty_list(term(), term())}
         %Explorer.Backend.LazySeries{op: :replace, args: non_empty_list(term(), term())}
         %Explorer.Backend.LazySeries{op: :re_replace, args: non_empty_list(term(), term())}
         %Explorer.Backend.LazySeries{op: :strip, args: non_empty_list(term(), term())}
         %Explorer.Backend.LazySeries{op: :lstrip, args: non_empty_list(term(), term())}
         %Explorer.Backend.LazySeries{op: :rstrip, args: non_empty_list(term(), term())}
         %Explorer.Backend.LazySeries{op: :downcase, args: non_empty_list(term(), term())}
         %Explorer.Backend.LazySeries{op: :upcase, args: non_empty_list(term(), term())}
         %Explorer.Backend.LazySeries{op: :substring, args: non_empty_list(term(), term())}
         %Explorer.Backend.LazySeries{op: :split, args: non_empty_list(term(), term())}
         %Explorer.Backend.LazySeries{op: :split_into, args: non_empty_list(term(), term())}
         %Explorer.Backend.LazySeries{op: :json_decode, args: non_empty_list(term(), term())}
         %Explorer.Backend.LazySeries{op: :json_path_match, args: non_empty_list(term(), term())}
         %Explorer.Backend.LazySeries{op: :count_matches, args: non_empty_list(term(), term())}
         %Explorer.Backend.LazySeries{op: :re_count_matches, args: non_empty_list(term(), term())}
         %Explorer.Backend.LazySeries{op: :re_scan, args: non_empty_list(term(), term())}
         %Explorer.Backend.LazySeries{op: :re_named_captures, args: non_empty_list(term(), term())}
         %Explorer.Backend.LazySeries{op: :join, args: non_empty_list(term(), term())}
         %Explorer.Backend.LazySeries{op: :lengths, args: non_empty_list(term(), term())}
         %Explorer.Backend.LazySeries{op: :member, args: non_empty_list(term(), term())}
         %Explorer.Backend.LazySeries{op: :field, args: non_empty_list(term(), term())}

     │
 337 │     def to_expr(%LazySeries{op: unquote(op), args: unquote(args)}) do
     │         ~
     │
     └─ lib/explorer/polars_backend/expression.ex:337:9: Explorer.PolarsBackend.Expression.to_expr/1

     warning: the following clause is redundant:

         def to_expr(%Explorer.Backend.LazySeries{op: :standard_deviation, args: [arg1, arg2]})

     it has type:

         dynamic(%Explorer.Backend.LazySeries{op: :standard_deviation, args: non_empty_list(term())})

     previous clauses have already matched on the following types:

         %Explorer.Backend.LazySeries{op: :quantile, args: non_empty_list(term(), term())}
         %Explorer.Backend.LazySeries{op: :argsort, args: non_empty_list(term(), term())}
         %Explorer.Backend.LazySeries{op: :sort, args: non_empty_list(term(), term())}
         %Explorer.Backend.LazySeries{op: :head, args: non_empty_list(term(), term())}
         %Explorer.Backend.LazySeries{op: :tail, args: non_empty_list(term(), term())}
         %Explorer.Backend.LazySeries{op: :peaks, args: non_empty_list(term(), term())}
         %Explorer.Backend.LazySeries{op: :rank, args: non_empty_list(term(), term())}
         %Explorer.Backend.LazySeries{op: :sample_n, args: non_empty_list(term(), term())}
         %Explorer.Backend.LazySeries{op: :sample_frac, args: non_empty_list(term(), term())}
         %Explorer.Backend.LazySeries{op: :exp, args: non_empty_list(term(), term())}
         %Explorer.Backend.LazySeries{op: :skew, args: non_empty_list(term(), term())}
         %Explorer.Backend.LazySeries{op: :round, args: non_empty_list(term(), term())}
         %Explorer.Backend.LazySeries{op: :clip_float, args: non_empty_list(term(), term())}
         %Explorer.Backend.LazySeries{op: :clip_integer, args: non_empty_list(term(), term())}
         %Explorer.Backend.LazySeries{op: :variance, args: non_empty_list(term(), term())}
         %Explorer.Backend.LazySeries{op: :standard_deviation, args: non_empty_list(term(), term())}
         %Explorer.Backend.LazySeries{op: :acos, args: non_empty_list(term(), term())}
         %Explorer.Backend.LazySeries{op: :asin, args: non_empty_list(term(), term())}
         %Explorer.Backend.LazySeries{op: :atan, args: non_empty_list(term(), term())}
         %Explorer.Backend.LazySeries{op: :cos, args: non_empty_list(term(), term())}
         %Explorer.Backend.LazySeries{op: :degrees, args: non_empty_list(term(), term())}
         %Explorer.Backend.LazySeries{op: :radians, args: non_empty_list(term(), term())}
         %Explorer.Backend.LazySeries{op: :sin, args: non_empty_list(term(), term())}
         %Explorer.Backend.LazySeries{op: :tan, args: non_empty_list(term(), term())}
         %Explorer.Backend.LazySeries{op: :cumulative_max, args: non_empty_list(term(), term())}
         %Explorer.Backend.LazySeries{op: :cumulative_min, args: non_empty_list(term(), term())}
         %Explorer.Backend.LazySeries{op: :cumulative_sum, args: non_empty_list(term(), term())}
         %Explorer.Backend.LazySeries{op: :cumulative_count, args: non_empty_list(term(), term())}
         %Explorer.Backend.LazySeries{op: :cumulative_product, args: non_empty_list(term(), term())}
         %Explorer.Backend.LazySeries{op: :window_max, args: non_empty_list(term(), term())}
         %Explorer.Backend.LazySeries{op: :window_mean, args: non_empty_list(term(), term())}
         %Explorer.Backend.LazySeries{op: :window_median, args: non_empty_list(term(), term())}
         %Explorer.Backend.LazySeries{op: :window_min, args: non_empty_list(term(), term())}
         %Explorer.Backend.LazySeries{op: :window_sum, args: non_empty_list(term(), term())}
         %Explorer.Backend.LazySeries{op: :window_standard_deviation, args: non_empty_list(term(), term())}
         %Explorer.Backend.LazySeries{op: :ewm_mean, args: non_empty_list(term(), term())}
         %Explorer.Backend.LazySeries{op: :ewm_standard_deviation, args: non_empty_list(term(), term())}
         %Explorer.Backend.LazySeries{op: :ewm_variance, args: non_empty_list(term(), term())}
         %Explorer.Backend.LazySeries{op: :strptime, args: non_empty_list(term(), term())}
         %Explorer.Backend.LazySeries{op: :strftime, args: non_empty_list(term(), term())}
         %Explorer.Backend.LazySeries{op: :contains, args: non_empty_list(term(), term())}
         %Explorer.Backend.LazySeries{op: :re_contains, args: non_empty_list(term(), term())}
         %Explorer.Backend.LazySeries{op: :replace, args: non_empty_list(term(), term())}
         %Explorer.Backend.LazySeries{op: :re_replace, args: non_empty_list(term(), term())}
         %Explorer.Backend.LazySeries{op: :strip, args: non_empty_list(term(), term())}
         %Explorer.Backend.LazySeries{op: :lstrip, args: non_empty_list(term(), term())}
         %Explorer.Backend.LazySeries{op: :rstrip, args: non_empty_list(term(), term())}
         %Explorer.Backend.LazySeries{op: :downcase, args: non_empty_list(term(), term())}
         %Explorer.Backend.LazySeries{op: :upcase, args: non_empty_list(term(), term())}
         %Explorer.Backend.LazySeries{op: :substring, args: non_empty_list(term(), term())}
         %Explorer.Backend.LazySeries{op: :split, args: non_empty_list(term(), term())}
         %Explorer.Backend.LazySeries{op: :split_into, args: non_empty_list(term(), term())}
         %Explorer.Backend.LazySeries{op: :json_decode, args: non_empty_list(term(), term())}
         %Explorer.Backend.LazySeries{op: :json_path_match, args: non_empty_list(term(), term())}
         %Explorer.Backend.LazySeries{op: :count_matches, args: non_empty_list(term(), term())}
         %Explorer.Backend.LazySeries{op: :re_count_matches, args: non_empty_list(term(), term())}
         %Explorer.Backend.LazySeries{op: :re_scan, args: non_empty_list(term(), term())}
         %Explorer.Backend.LazySeries{op: :re_named_captures, args: non_empty_list(term(), term())}
         %Explorer.Backend.LazySeries{op: :join, args: non_empty_list(term(), term())}
         %Explorer.Backend.LazySeries{op: :lengths, args: non_empty_list(term(), term())}
         %Explorer.Backend.LazySeries{op: :member, args: non_empty_list(term(), term())}
         %Explorer.Backend.LazySeries{op: :field, args: non_empty_list(term(), term())}

     │
 337 │     def to_expr(%LazySeries{op: unquote(op), args: unquote(args)}) do
     │         ~
     │
     └─ lib/explorer/polars_backend/expression.ex:337:9: Explorer.PolarsBackend.Expression.to_expr/1

     warning: the following clause is redundant:

         def to_expr(%Explorer.Backend.LazySeries{op: :tan, args: [arg1]})

     it has type:

         dynamic(%Explorer.Backend.LazySeries{op: :tan, args: non_empty_list(term())})

     previous clauses have already matched on the following types:

         %Explorer.Backend.LazySeries{op: :quantile, args: non_empty_list(term(), term())}
         %Explorer.Backend.LazySeries{op: :argsort, args: non_empty_list(term(), term())}
         %Explorer.Backend.LazySeries{op: :sort, args: non_empty_list(term(), term())}
         %Explorer.Backend.LazySeries{op: :head, args: non_empty_list(term(), term())}
         %Explorer.Backend.LazySeries{op: :tail, args: non_empty_list(term(), term())}
         %Explorer.Backend.LazySeries{op: :peaks, args: non_empty_list(term(), term())}
         %Explorer.Backend.LazySeries{op: :rank, args: non_empty_list(term(), term())}
         %Explorer.Backend.LazySeries{op: :sample_n, args: non_empty_list(term(), term())}
         %Explorer.Backend.LazySeries{op: :sample_frac, args: non_empty_list(term(), term())}
         %Explorer.Backend.LazySeries{op: :exp, args: non_empty_list(term(), term())}
         %Explorer.Backend.LazySeries{op: :skew, args: non_empty_list(term(), term())}
         %Explorer.Backend.LazySeries{op: :round, args: non_empty_list(term(), term())}
         %Explorer.Backend.LazySeries{op: :clip_float, args: non_empty_list(term(), term())}
         %Explorer.Backend.LazySeries{op: :clip_integer, args: non_empty_list(term(), term())}
         %Explorer.Backend.LazySeries{op: :variance, args: non_empty_list(term(), term())}
         %Explorer.Backend.LazySeries{op: :standard_deviation, args: non_empty_list(term(), term())}
         %Explorer.Backend.LazySeries{op: :acos, args: non_empty_list(term(), term())}
         %Explorer.Backend.LazySeries{op: :asin, args: non_empty_list(term(), term())}
         %Explorer.Backend.LazySeries{op: :atan, args: non_empty_list(term(), term())}
         %Explorer.Backend.LazySeries{op: :cos, args: non_empty_list(term(), term())}
         %Explorer.Backend.LazySeries{op: :degrees, args: non_empty_list(term(), term())}
         %Explorer.Backend.LazySeries{op: :radians, args: non_empty_list(term(), term())}
         %Explorer.Backend.LazySeries{op: :sin, args: non_empty_list(term(), term())}
         %Explorer.Backend.LazySeries{op: :tan, args: non_empty_list(term(), term())}
         %Explorer.Backend.LazySeries{op: :cumulative_max, args: non_empty_list(term(), term())}
         %Explorer.Backend.LazySeries{op: :cumulative_min, args: non_empty_list(term(), term())}
         %Explorer.Backend.LazySeries{op: :cumulative_sum, args: non_empty_list(term(), term())}
         %Explorer.Backend.LazySeries{op: :cumulative_count, args: non_empty_list(term(), term())}
         %Explorer.Backend.LazySeries{op: :cumulative_product, args: non_empty_list(term(), term())}
         %Explorer.Backend.LazySeries{op: :window_max, args: non_empty_list(term(), term())}
         %Explorer.Backend.LazySeries{op: :window_mean, args: non_empty_list(term(), term())}
         %Explorer.Backend.LazySeries{op: :window_median, args: non_empty_list(term(), term())}
         %Explorer.Backend.LazySeries{op: :window_min, args: non_empty_list(term(), term())}
         %Explorer.Backend.LazySeries{op: :window_sum, args: non_empty_list(term(), term())}
         %Explorer.Backend.LazySeries{op: :window_standard_deviation, args: non_empty_list(term(), term())}
         %Explorer.Backend.LazySeries{op: :ewm_mean, args: non_empty_list(term(), term())}
         %Explorer.Backend.LazySeries{op: :ewm_standard_deviation, args: non_empty_list(term(), term())}
         %Explorer.Backend.LazySeries{op: :ewm_variance, args: non_empty_list(term(), term())}
         %Explorer.Backend.LazySeries{op: :strptime, args: non_empty_list(term(), term())}
         %Explorer.Backend.LazySeries{op: :strftime, args: non_empty_list(term(), term())}
         %Explorer.Backend.LazySeries{op: :contains, args: non_empty_list(term(), term())}
         %Explorer.Backend.LazySeries{op: :re_contains, args: non_empty_list(term(), term())}
         %Explorer.Backend.LazySeries{op: :replace, args: non_empty_list(term(), term())}
         %Explorer.Backend.LazySeries{op: :re_replace, args: non_empty_list(term(), term())}
         %Explorer.Backend.LazySeries{op: :strip, args: non_empty_list(term(), term())}
         %Explorer.Backend.LazySeries{op: :lstrip, args: non_empty_list(term(), term())}
         %Explorer.Backend.LazySeries{op: :rstrip, args: non_empty_list(term(), term())}
         %Explorer.Backend.LazySeries{op: :downcase, args: non_empty_list(term(), term())}
         %Explorer.Backend.LazySeries{op: :upcase, args: non_empty_list(term(), term())}
         %Explorer.Backend.LazySeries{op: :substring, args: non_empty_list(term(), term())}
         %Explorer.Backend.LazySeries{op: :split, args: non_empty_list(term(), term())}
         %Explorer.Backend.LazySeries{op: :split_into, args: non_empty_list(term(), term())}
         %Explorer.Backend.LazySeries{op: :json_decode, args: non_empty_list(term(), term())}
         %Explorer.Backend.LazySeries{op: :json_path_match, args: non_empty_list(term(), term())}
         %Explorer.Backend.LazySeries{op: :count_matches, args: non_empty_list(term(), term())}
         %Explorer.Backend.LazySeries{op: :re_count_matches, args: non_empty_list(term(), term())}
         %Explorer.Backend.LazySeries{op: :re_scan, args: non_empty_list(term(), term())}
         %Explorer.Backend.LazySeries{op: :re_named_captures, args: non_empty_list(term(), term())}
         %Explorer.Backend.LazySeries{op: :join, args: non_empty_list(term(), term())}
         %Explorer.Backend.LazySeries{op: :lengths, args: non_empty_list(term(), term())}
         %Explorer.Backend.LazySeries{op: :member, args: non_empty_list(term(), term())}
         %Explorer.Backend.LazySeries{op: :field, args: non_empty_list(term(), term())}

     │
 337 │     def to_expr(%LazySeries{op: unquote(op), args: unquote(args)}) do
     │         ~
     │
     └─ lib/explorer/polars_backend/expression.ex:337:9: Explorer.PolarsBackend.Expression.to_expr/1

     warning: the following clause is redundant:

         def to_expr(%Explorer.Backend.LazySeries{op: :variance, args: [arg1, arg2]})

     it has type:

         dynamic(%Explorer.Backend.LazySeries{op: :variance, args: non_empty_list(term())})

     previous clauses have already matched on the following types:

         %Explorer.Backend.LazySeries{op: :quantile, args: non_empty_list(term(), term())}
         %Explorer.Backend.LazySeries{op: :argsort, args: non_empty_list(term(), term())}
         %Explorer.Backend.LazySeries{op: :sort, args: non_empty_list(term(), term())}
         %Explorer.Backend.LazySeries{op: :head, args: non_empty_list(term(), term())}
         %Explorer.Backend.LazySeries{op: :tail, args: non_empty_list(term(), term())}
         %Explorer.Backend.LazySeries{op: :peaks, args: non_empty_list(term(), term())}
         %Explorer.Backend.LazySeries{op: :rank, args: non_empty_list(term(), term())}
         %Explorer.Backend.LazySeries{op: :sample_n, args: non_empty_list(term(), term())}
         %Explorer.Backend.LazySeries{op: :sample_frac, args: non_empty_list(term(), term())}
         %Explorer.Backend.LazySeries{op: :exp, args: non_empty_list(term(), term())}
         %Explorer.Backend.LazySeries{op: :skew, args: non_empty_list(term(), term())}
         %Explorer.Backend.LazySeries{op: :round, args: non_empty_list(term(), term())}
         %Explorer.Backend.LazySeries{op: :clip_float, args: non_empty_list(term(), term())}
         %Explorer.Backend.LazySeries{op: :clip_integer, args: non_empty_list(term(), term())}
         %Explorer.Backend.LazySeries{op: :variance, args: non_empty_list(term(), term())}
         %Explorer.Backend.LazySeries{op: :standard_deviation, args: non_empty_list(term(), term())}
         %Explorer.Backend.LazySeries{op: :acos, args: non_empty_list(term(), term())}
         %Explorer.Backend.LazySeries{op: :asin, args: non_empty_list(term(), term())}
         %Explorer.Backend.LazySeries{op: :atan, args: non_empty_list(term(), term())}
         %Explorer.Backend.LazySeries{op: :cos, args: non_empty_list(term(), term())}
         %Explorer.Backend.LazySeries{op: :degrees, args: non_empty_list(term(), term())}
         %Explorer.Backend.LazySeries{op: :radians, args: non_empty_list(term(), term())}
         %Explorer.Backend.LazySeries{op: :sin, args: non_empty_list(term(), term())}
         %Explorer.Backend.LazySeries{op: :tan, args: non_empty_list(term(), term())}
         %Explorer.Backend.LazySeries{op: :cumulative_max, args: non_empty_list(term(), term())}
         %Explorer.Backend.LazySeries{op: :cumulative_min, args: non_empty_list(term(), term())}
         %Explorer.Backend.LazySeries{op: :cumulative_sum, args: non_empty_list(term(), term())}
         %Explorer.Backend.LazySeries{op: :cumulative_count, args: non_empty_list(term(), term())}
         %Explorer.Backend.LazySeries{op: :cumulative_product, args: non_empty_list(term(), term())}
         %Explorer.Backend.LazySeries{op: :window_max, args: non_empty_list(term(), term())}
         %Explorer.Backend.LazySeries{op: :window_mean, args: non_empty_list(term(), term())}
         %Explorer.Backend.LazySeries{op: :window_median, args: non_empty_list(term(), term())}
         %Explorer.Backend.LazySeries{op: :window_min, args: non_empty_list(term(), term())}
         %Explorer.Backend.LazySeries{op: :window_sum, args: non_empty_list(term(), term())}
         %Explorer.Backend.LazySeries{op: :window_standard_deviation, args: non_empty_list(term(), term())}
         %Explorer.Backend.LazySeries{op: :ewm_mean, args: non_empty_list(term(), term())}
         %Explorer.Backend.LazySeries{op: :ewm_standard_deviation, args: non_empty_list(term(), term())}
         %Explorer.Backend.LazySeries{op: :ewm_variance, args: non_empty_list(term(), term())}
         %Explorer.Backend.LazySeries{op: :strptime, args: non_empty_list(term(), term())}
         %Explorer.Backend.LazySeries{op: :strftime, args: non_empty_list(term(), term())}
         %Explorer.Backend.LazySeries{op: :contains, args: non_empty_list(term(), term())}
         %Explorer.Backend.LazySeries{op: :re_contains, args: non_empty_list(term(), term())}
         %Explorer.Backend.LazySeries{op: :replace, args: non_empty_list(term(), term())}
         %Explorer.Backend.LazySeries{op: :re_replace, args: non_empty_list(term(), term())}
         %Explorer.Backend.LazySeries{op: :strip, args: non_empty_list(term(), term())}
         %Explorer.Backend.LazySeries{op: :lstrip, args: non_empty_list(term(), term())}
         %Explorer.Backend.LazySeries{op: :rstrip, args: non_empty_list(term(), term())}
         %Explorer.Backend.LazySeries{op: :downcase, args: non_empty_list(term(), term())}
         %Explorer.Backend.LazySeries{op: :upcase, args: non_empty_list(term(), term())}
         %Explorer.Backend.LazySeries{op: :substring, args: non_empty_list(term(), term())}
         %Explorer.Backend.LazySeries{op: :split, args: non_empty_list(term(), term())}
         %Explorer.Backend.LazySeries{op: :split_into, args: non_empty_list(term(), term())}
         %Explorer.Backend.LazySeries{op: :json_decode, args: non_empty_list(term(), term())}
         %Explorer.Backend.LazySeries{op: :json_path_match, args: non_empty_list(term(), term())}
         %Explorer.Backend.LazySeries{op: :count_matches, args: non_empty_list(term(), term())}
         %Explorer.Backend.LazySeries{op: :re_count_matches, args: non_empty_list(term(), term())}
         %Explorer.Backend.LazySeries{op: :re_scan, args: non_empty_list(term(), term())}
         %Explorer.Backend.LazySeries{op: :re_named_captures, args: non_empty_list(term(), term())}
         %Explorer.Backend.LazySeries{op: :join, args: non_empty_list(term(), term())}
         %Explorer.Backend.LazySeries{op: :lengths, args: non_empty_list(term(), term())}
         %Explorer.Backend.LazySeries{op: :member, args: non_empty_list(term(), term())}
         %Explorer.Backend.LazySeries{op: :field, args: non_empty_list(term(), term())}

     │
 337 │     def to_expr(%LazySeries{op: unquote(op), args: unquote(args)}) do
     │         ~
     │
     └─ lib/explorer/polars_backend/expression.ex:337:9: Explorer.PolarsBackend.Expression.to_expr/1

Generated explorer app
==> tokenizers
Compiling 18 files (.ex)

12:51:11.080 [debug] Copying NIF from cache and extracting to /Users/sac/wt/v26922/v23/R1-X-LOCK/_build/test/lib/tokenizers/priv/native/libex_tokenizers-v0.5.1-nif-2.15-aarch64-apple-darwin.so.tar.gz
Generated tokenizers app
==> json_xema
Compiling 4 files (.ex)
Generated json_xema app
==> dns_cluster
Compiling 1 file (.ex)
     warning: comparison between distinct types found:

         net_state.started != :no

     given types:

         dynamic(not :no) != :no

     where "net_state" was given the types:

         # type: dynamic()
         # from: lib/dns_cluster.ex:166:8
         net_state

         # type: dynamic(not false and not nil)
         # from: lib/dns_cluster.ex:166:8
         net_state

         # type: dynamic(%{..., started: term()})
         # from: lib/dns_cluster.ex:169:25
         net_state.started == :no

         # type: dynamic(%{..., started: not :no})
         # from: lib/dns_cluster.ex:179:25
         net_state.started == :no

     While Elixir can compare across all types, you are comparing across types which are always disjoint, and the result is either always true or always false

     type warning found at:
     │
 180 │           (!release? and net_state.started != :no and net_state[:name_domain] != :longnames) ->
     │                                            ~
     │
     └─ lib/dns_cluster.ex:180:44: DNSCluster.warn_on_invalid_dist/0

Generated dns_cluster app
==> phoenix_view
Compiling 1 file (.ex)
     warning: the variable "prefix_size" is accessed inside size(...) of a bitstring but it was defined outside of the match. You must precede it with the pin operator
     │
 655 │       <<prefix::binary-size(prefix_size), ^suffix::binary>> -> prefix
     │                             ~
     │
     └─ lib/phoenix_view.ex:655:29: Phoenix.View.unsuffix/2

Generated phoenix_view app
==> nx_signal
Compiling 5 files (.ex)
     warning: Nx.reflect/2 is deprecated. Use pad_outer/3 instead
     │
 349 │     tensor = Nx.reflect(tensor, padding_config: [{half_window, half_window}])
     │                 ~
     │
     └─ lib/nx_signal.ex:349:17: NxSignal."__defn:as_windowed_reflect_padding__"/2

     warning: Tuple.append/2 is deprecated. Use insert_at instead
     │
 739 │     |> Tuple.append(out_len)
     │              ~
     │
     └─ lib/nx_signal.ex:739:14: NxSignal.overlap_and_add_output_shape/2

Generated nx_signal app
==> bumblebee
Compiling 107 files (.ex)
     warning: Nx.Defn.Kernel.create_token/0 is deprecated. Use hook/2 or hook/3 instead. Will be removed in a future release.
     │
 666 │     token = create_token()
     │             ~
     │
     └─ lib/bumblebee/text/generation.ex:666:13: Bumblebee.Text.Generation."__defn:update_sequences__"/4

     warning: Nx.Defn.Kernel.hook_token/3 is deprecated. Use hook/2 or hook/3 instead. Will be removed in a future release.
     │
 667 │     {token, _} = hook_token(token, data, :token)
     │                  ~
     │
     └─ lib/bumblebee/text/generation.ex:667:18: Bumblebee.Text.Generation."__defn:update_sequences__"/4

     warning: Nx.Defn.Kernel.attach_token/2 is deprecated. Use hook/2 or hook/3 instead. Will be removed in a future release.
     │
 670 │     attach_token(token, state)
     │     ~
     │
     └─ lib/bumblebee/text/generation.ex:670:5: Bumblebee.Text.Generation."__defn:update_sequences__"/4

Generated bumblebee app
==> dialyxir
Compiling 70 files (.ex)
Generated dialyxir app
==> splode
Compiling 5 files (.ex)
Generated splode app
==> jsv
Compiling 74 files (.ex)
Generated jsv app
==> xaas
===> Analyzing applications...
===> Compiling certifi
==> glob_ex
Compiling 4 files (.ex)
Generated glob_ex app
warning: "xref: [exclude: ...]" in your mix.exs file is deprecated, instead use: "elixirc_options: [no_warn_undefined: ...]"
  (mix 1.20.2) lib/mix/tasks/compile.elixir.ex:243: Mix.Tasks.Compile.Elixir.xref_exclude_opts/2
  (mix 1.20.2) lib/mix/tasks/compile.elixir.ex:142: Mix.Tasks.Compile.Elixir.run/1
  (mix 1.20.2) lib/mix/task.ex:502: anonymous fn/3 in Mix.Task.run_task/5
  (mix 1.20.2) lib/mix/task.compiler.ex:299: Mix.Task.Compiler.run_compiler/2
  (mix 1.20.2) lib/mix/task.compiler.ex:287: Mix.Task.Compiler.run/4
  (mix 1.20.2) lib/mix/tasks/compile.all.ex:75: Mix.Tasks.Compile.All.do_run/2

==> rewrite
Compiling 13 files (.ex)
Generated rewrite app
==> slugify
Compiling 1 file (.ex)
Generated slugify app
==> plug
Compiling 1 file (.erl)
Compiling 42 files (.ex)
Generated plug app
==> open_api_spex
Compiling 80 files (.ex)
     warning: the following clause is redundant:

         defp resolve_schema_modules_from_media_type(media = %OpenApiSpex.MediaType{}, schemas)

     it has type:

         dynamic(%OpenApiSpex.MediaType{}), dynamic()

     previous clauses have already matched on the following types:

         %OpenApiSpex.MediaType{}, term()

     │
 152 │   defp resolve_schema_modules_from_media_type(media = %MediaType{}, schemas) do
     │        ~
     │
     └─ lib/open_api_spex/schema_resolver.ex:152:8: OpenApiSpex.SchemaResolver.resolve_schema_modules_from_media_type/2

     warning: the right-hand side of || will never be executed:

         description || ...

     because the left-hand side always evaluates to:

         dynamic(not false and not nil)

     where "description" was given the type:

         # type: dynamic(not false and not nil)
         # from: lib/open_api_spex/controller.ex
         {:ok, {mod_meta, summary, description, meta}}

     type warning found at:
     │
 184 │           description: description || "",
     │           ~~~~~~~~~~~~~~~~~~~~~~~~~~~~~~~
     │
     └─ lib/open_api_spex/controller.ex:184: OpenApiSpex.Controller.__api_operation__/2

    warning: the right-hand side of || will never be executed:

        OpenApiSpex.OpenApi.yaml_encoder() || ...

    because the left-hand side always evaluates to:

        dynamic(OpenApiSpex.OpenApi.YmlrEncoder)

    type warning found at:
    │
 56 │     OpenApiSpex.OpenApi.yaml_encoder() ||
    │     ~~~~~~~~~~~~~~~~~~~~~~~~~~~~~~~~~~~~~
    │
    └─ lib/mix/tasks/openapi.spec.yaml.ex:56: Mix.Tasks.Openapi.Spec.Yaml.encoder/0

     warning: the following clause is redundant:

         def cast(schema = %OpenApiSpex.Schema{type: :object, allOf: []}, value = %{}, schemas)

     it has type:

         dynamic(%OpenApiSpex.Schema{type: :object, allOf: empty_list()}), dynamic(map()), dynamic()

     previous clauses have already matched on the following types:

         %OpenApiSpex.Schema{type: :boolean}, boolean(), term()
         %OpenApiSpex.Schema{type: :boolean}, binary(), term()
         %OpenApiSpex.Schema{type: :integer}, integer(), term()
         %OpenApiSpex.Schema{type: :integer}, binary(), term()
         %OpenApiSpex.Schema{type: :number}, float(), term()
         %OpenApiSpex.Schema{type: :number}, integer(), term()
         %OpenApiSpex.Schema{type: :number}, binary(), term()
         %OpenApiSpex.Schema{type: :string, format: :"date-time"}, binary(), term()
         %OpenApiSpex.Schema{type: :string, format: :date}, binary(), term()
         %OpenApiSpex.Schema{type: :string, format: :binary}, %Plug.Upload{}, term()
         %OpenApiSpex.Schema{type: :string}, binary(), term()
         %OpenApiSpex.Schema{type: :array, items: nil}, empty_list() or non_empty_list(term(), term()), term()
         %OpenApiSpex.Schema{type: :array}, empty_list(), term()
         %OpenApiSpex.Schema{type: :array}, non_empty_list(term(), term()), term()
         %OpenApiSpex.Schema{type: :array}, not empty_list() and not non_empty_list(term(), term()), term()
         %OpenApiSpex.Schema{type: :object, discriminator: map()}, map(), term()
         %OpenApiSpex.Schema{type: :object, allOf: empty_list() or non_empty_list(term(), term())}, map(), term()

     │
 107 │   def cast(schema = %Schema{type: :object, allOf: []}, value = %{}, schemas) do
     │       ~
     │
     └─ lib/open_api_spex/deprecated_cast.ex:107:7: OpenApiSpex.DeprecatedCast.cast/3

     warning: the following clause is redundant:

         def cast(%OpenApiSpex.Schema{oneOf: []}, _value, _schemas)

     it has type:

         %OpenApiSpex.Schema{oneOf: empty_list()}, dynamic(), dynamic()

     previous clauses have already matched on the following types:

         %OpenApiSpex.Schema{type: :boolean}, boolean(), term()
         %OpenApiSpex.Schema{type: :boolean}, binary(), term()
         %OpenApiSpex.Schema{type: :integer}, integer(), term()
         %OpenApiSpex.Schema{type: :integer}, binary(), term()
         %OpenApiSpex.Schema{type: :number}, float(), term()
         %OpenApiSpex.Schema{type: :number}, integer(), term()
         %OpenApiSpex.Schema{type: :number}, binary(), term()
         %OpenApiSpex.Schema{type: :string, format: :"date-time"}, binary(), term()
         %OpenApiSpex.Schema{type: :string, format: :date}, binary(), term()
         %OpenApiSpex.Schema{type: :string, format: :binary}, %Plug.Upload{}, term()
         %OpenApiSpex.Schema{type: :string}, binary(), term()
         %OpenApiSpex.Schema{type: :array, items: nil}, empty_list() or non_empty_list(term(), term()), term()
         %OpenApiSpex.Schema{type: :array}, empty_list(), term()
         %OpenApiSpex.Schema{type: :array}, non_empty_list(term(), term()), term()
         %OpenApiSpex.Schema{type: :array}, not empty_list() and not non_empty_list(term(), term()), term()
         %OpenApiSpex.Schema{type: :object, discriminator: map()}, map(), term()
         %OpenApiSpex.Schema{type: :object, allOf: empty_list() or non_empty_list(term(), term())}, map(), term()
         %OpenApiSpex.Schema{oneOf: empty_list() or non_empty_list(term(), term())}, term(), term()

     │
 115 │   def cast(%Schema{oneOf: []}, _value, _schemas) do
     │       ~
     │
     └─ lib/open_api_spex/deprecated_cast.ex:115:7: OpenApiSpex.DeprecatedCast.cast/3

     warning: this clause of defp term_type/1 is never used (or it will always fail/warn when invoked)
     │
 325 │   defp term_type(v) when is_nil(v), do: nil
     │        ~
     │
     └─ lib/open_api_spex/deprecated_cast.ex:325:8: OpenApiSpex.DeprecatedCast.term_type/1

     warning: this clause of defp validate_required_properties/3 is never used (or it will always fail/warn when invoked)
     │
 466 │   defp validate_required_properties(%Schema{type: :object, required: nil}, _val, _path), do: :ok
     │        ~
     │
     └─ lib/open_api_spex/deprecated_cast.ex:466:8: OpenApiSpex.DeprecatedCast.validate_required_properties/3

Generated open_api_spex app
==> phoenix_html_helpers
Compiling 6 files (.ex)
    warning: comparison between distinct types found:

        id == nil

    given types:

        dynamic(not false and not nil and not binary()) == nil

    where "id" was given the types:

        # type: dynamic(not false and not nil)
        # from: lib/phoenix_html_helpers/form_data.ex:5:8
        id = Keyword.get(opts, :id) || name

        # type: dynamic(not false and not nil and not binary())
        # from: lib/phoenix_html_helpers/form_data.ex:7:12
        is_binary(id)

    While Elixir can compare across all types, you are comparing across types which are always disjoint, and the result is either always true or always false

    type warning found at:
    │
  7 │     unless is_binary(id) or is_nil(id) do
    │     ~~~~~~~~~~~~~~~~~~~~~~~~~~~~~~~~~~~~~
    │
    └─ lib/phoenix_html_helpers/form_data.ex:7: Phoenix.HTML.FormData.Atom.to_form/2

    warning: incompatible types given to form_for/3:

        form_for(form_data, action, [])

    given types:

        dynamic(), dynamic(), -empty_list()-

    but expected one of:

        term(), term(), (none() -> term())

    where "action" was given the type:

        # type: dynamic()
        # from: lib/phoenix_html_helpers/form.ex:36:27
        action

    where "form_data" was given the type:

        # type: dynamic()
        # from: lib/phoenix_html_helpers/form.ex:36:16
        form_data

    type warning found at:
    │
 37 │     form_for(form_data, action, [])
    │     ~
    │
    └─ lib/phoenix_html_helpers/form.ex:37:5: PhoenixHTMLHelpers.Form.form_for/2

Generated phoenix_html_helpers app
warning: "xref: [exclude: ...]" in your mix.exs file is deprecated, instead use: "elixirc_options: [no_warn_undefined: ...]"
  (mix 1.20.2) lib/mix/tasks/compile.elixir.ex:243: Mix.Tasks.Compile.Elixir.xref_exclude_opts/2
  (mix 1.20.2) lib/mix/tasks/compile.elixir.ex:142: Mix.Tasks.Compile.Elixir.run/1
  (mix 1.20.2) lib/mix/task.ex:502: anonymous fn/3 in Mix.Task.run_task/5
  (mix 1.20.2) lib/mix/task.compiler.ex:299: Mix.Task.Compiler.run_compiler/2
  (mix 1.20.2) lib/mix/task.compiler.ex:287: Mix.Task.Compiler.run/4
  (mix 1.20.2) lib/mix/tasks/compile.all.ex:75: Mix.Tasks.Compile.All.do_run/2

==> postgrex
Compiling 70 files (.ex)
Generated postgrex app
==> ecto_sql
Compiling 25 files (.ex)
Generated ecto_sql app
warning: "xref: [exclude: ...]" in your mix.exs file is deprecated, instead use: "elixirc_options: [no_warn_undefined: ...]"
  (mix 1.20.2) lib/mix/tasks/compile.elixir.ex:243: Mix.Tasks.Compile.Elixir.xref_exclude_opts/2
  (mix 1.20.2) lib/mix/tasks/compile.elixir.ex:142: Mix.Tasks.Compile.Elixir.run/1
  (mix 1.20.2) lib/mix/task.ex:502: anonymous fn/3 in Mix.Task.run_task/5
  (mix 1.20.2) lib/mix/task.compiler.ex:299: Mix.Task.Compiler.run_compiler/2
  (mix 1.20.2) lib/mix/task.compiler.ex:287: Mix.Task.Compiler.run/4
  (mix 1.20.2) lib/mix/tasks/compile.all.ex:75: Mix.Tasks.Compile.All.do_run/2

==> phoenix_ecto
Compiling 7 files (.ex)
Generated phoenix_ecto app
==> localize_sql
Compiling 30 files (.ex)
Generated localize_sql app
==> ex_money_sql
Compiling 16 files (.ex)
Generated ex_money_sql app
==> dotenvy
Compiling 3 files (.ex)
    warning: unused require Logger
    │
 20 │   require Logger
    │   ~
    │
    └─ lib/dotenvy.ex:20:3

Generated dotenvy app
==> joken
Compiling 8 files (.ex)
Generated joken app
==> faker
Compiling 111 files (.ex)
Generated faker app
==> xaas
===> Analyzing applications...
===> Compiling parse_trans
==> unsafe
Compiling 3 files (.ex)
Generated unsafe app
==> cachex
Compiling 61 files (.ex)
    warning: type record/0 is overriding a built-in type
    │
 13 │   @type record ::
    │   ~~~~~~~~~~~~~~~
    │
    └─ lib/cachex/spec/validator.ex:13: (file)

    warning: unused require Cachex.Services.Overseer
    │
 52 │   require Overseer
    │   ~
    │
    └─ lib/cachex.ex:52:3

    warning: the following conditional expression:

        schedule(scheduling)

    will always evaluate to:

        dynamic(:ok)

    where "scheduling" was given the types:

        # type: dynamic()
        # from: lib/cachex/limit/scheduled.ex:54:71
        {cache, {size, options, scheduling}} = args

        # type: dynamic(empty_list() or non_empty_list(term(), term()))
        # from: lib/cachex/limit/scheduled.ex:56:5
        schedule(scheduling)

    type warning found at:
    │
 56 │     schedule(scheduling) && {:noreply, args}
    │     ~~~~~~~~~~~~~~~~~~~~~~~~~~~~~~~~~~~~~~~~
    │
    └─ lib/cachex/limit/scheduled.ex:56: Cachex.Limit.Scheduled.handle_info/2

Generated cachex app
==> wasmex
Compiling 27 files (.ex)

12:52:07.452 [debug] Copying NIF from cache and extracting to /Users/sac/wt/v26922/v23/R1-X-LOCK/_build/test/lib/wasmex/priv/native/libwasmex-v0.15.1-nif-2.15-aarch64-apple-darwin.so.tar.gz
Generated wasmex app
==> crux
Compiling 20 files (.ex)
    warning: unused require Crux.Expression
    │
 20 │   require Expression
    │   ~
    │
    └─ lib/crux.ex:20:3

Generated crux app
==> nimble_pool
Compiling 2 files (.ex)
Generated nimble_pool app
==> finch
Compiling 23 files (.ex)
Generated finch app
==> req
Compiling 24 files (.ex)
Generated req app
==> igniter
Compiling 62 files (.ex)
Generated igniter app
==> hammer
Compiling 14 files (.ex)
Generated hammer app
==> oban
Compiling 70 files (.ex)
Generated oban app
==> spark
Compiling 46 files (.ex)
Generated spark app
==> reactor
Compiling 113 files (.ex)
Generated reactor app
==> ash
Compiling 619 files (.ex)
    warning: type record/0 is overriding a built-in type
    │
 15 │     @type record :: Ash.Resource.Record.t()
    │     ~~~~~~~~~~~~~~~~~~~~~~~~~~~~~~~~~~~~~~~
    │
    └─ lib/ash/resource.ex:15: (file)

Compiling lib/ash/reactor/reactor.ex (it's taking more than 10s)
Compiling lib/ash/policy/policy.ex (it's taking more than 10s)
Compiling lib/ash/policy/check/selecting.ex (it's taking more than 10s)
Compiling lib/ash/policy/check/changing_relationships.ex (it's taking more than 10s)
Compiling lib/ash/policy/check/accessing_from.ex (it's taking more than 10s)
Compiling lib/ash/generator/generator.ex (it's taking more than 10s)
Compiling lib/ash/filter/runtime.ex (it's taking more than 10s)
Compiling lib/ash/expr/sat.ex (it's taking more than 10s)
Compiling lib/ash/error/query/not_found.ex (it's taking more than 10s)
Compiling lib/ash/error/forbidden/cannot_filter_creates.ex (it's taking more than 10s)
Compiling lib/ash/error/error.ex (it's taking more than 10s)
Compiling lib/ash/error/changes/stale_record.ex (it's taking more than 10s)
Compiling lib/ash/data_layer/mnesia/mnesia.ex (it's taking more than 10s)
Compiling lib/ash/actions/bulk_manual_action_helpers.ex (it's taking more than 10s)
Compiling lib/ash/actions/helpers.ex (it's taking more than 10s)
Compiling lib/ash/policy/authorizer/authorizer.ex (it's taking more than 10s)
Compiling lib/ash.ex (it's taking more than 10s)
Compiling lib/ash/resource/dsl.ex (it's taking more than 10s)
Generated ash app
==> ash_iam
Compiling 8 files (.ex)
    warning: the following clause will never match:

        %{resource: resource, action: action_name} when is_atom(action_name) ->

    because it attempts to match on the result of:

        action_input

    which has type:

        dynamic(
          not %Ash.ActionInput{action: %{..., name: term()}} and
            not %{..., action: atom(), resource: term()}
        )

    where "action_name" was given the type:

        # type: atom()
        # from: lib/ash_iam/simple_check.ex:84:59
        is_atom(action_name)

    type warning found at:
    │
 84 │           %{resource: resource, action: action_name} when is_atom(action_name) ->
    │           ~
    │
    └─ lib/ash_iam/simple_check.ex:84:11: AshIam.SimpleCheck.extract_context/1

    warning: the following clause is redundant:

        %{__struct__: Ash.ActionInput, resource: resource, action: %{name: action_name}} ->

    previous clauses have already matched on the following types:

        %Ash.ActionInput{action: %{..., name: term()}}
        %{..., action_input: %Ash.ActionInput{action: %{..., name: term()}}}
        %{..., action: %{..., name: term()}, resource: term()}
        %{..., action_input: %{..., action: atom(), resource: term()}}
        %{..., action_input: term()}

    where "action_name" was given the type:

        # type: dynamic()
        # from: lib/ash_iam/simple_check.ex:92:7
        %{__struct__: Ash.ActionInput, resource: resource, action: %{name: action_name}}

    where "resource" was given the type:

        # type: dynamic()
        # from: lib/ash_iam/simple_check.ex:92:7
        %{__struct__: Ash.ActionInput, resource: resource, action: %{name: action_name}}

    type warning found at:
    │
 92 │       %{__struct__: Ash.ActionInput, resource: resource, action: %{name: action_name}} ->
    │                                                                                        ~
    │
    └─ lib/ash_iam/simple_check.ex:92:88: AshIam.SimpleCheck.extract_context/1

     warning: comparison between distinct types found:

         domain == nil

     given types:

         dynamic(atom() and not nil) == nil

     where "domain" was given the types:

         # type: dynamic(not nil and not empty_list() and not non_empty_list(term(), term()))
         # from: lib/ash_iam.ex:227:33
         domain

         # type: dynamic(atom() and not nil)
         # from: lib/ash_iam.ex:228:10
         is_atom(domain)

     While Elixir can compare across all types, you are comparing across types which are always disjoint, and the result is either always true or always false

     type warning found at:
     │
 228 │       if is_atom(domain) and not is_nil(domain) and Code.ensure_loaded?(domain) do
     │       ~~~~~~~~~~~~~~~~~~~~~~~~~~~~~~~~~~~~~~~~~~~~~~~~~~~~~~~~~~~~~~~~~~~~~~~~~~~~
     │
     └─ lib/ash_iam.ex:228: AshIam.Info.normalize_to_resources/1

     warning: incompatible types given to Map.get/3:

         Map.get(record, :id, "*")

     the map:

         dynamic(%{..., id: not_set()})

     does not have all required keys:

         :id

     therefore this function will always return binary()

     where "record" was given the type:

         # type: dynamic(not %{..., id: term()} and not nil)
         # from: lib/ash_iam/policy.ex:154:18
         record

     type warning found at:
     │
 154 │   defp record_id(record), do: Map.get(record, :id, "*")
     │                                   ~
     │
     └─ lib/ash_iam/policy.ex:154:35: AshIam.Policy.record_id/1

     warning: this clause of defp fast_evaluate/3 is never used (or it will always fail/warn when invoked)
     │
 157 │   defp fast_evaluate(policy, _candidate, _verb_str) when is_nil(policy), do: false
     │        ~
     │
     └─ lib/ash_iam/policy.ex:157:8: AshIam.Policy.fast_evaluate/3

     warning: the following clause cannot match because the previous clauses already matched all possible values:

         _error ->

     it attempts to match on the result of:

         generate_iam_filter(actor, action, resource, permission_base)

     which has the already matched type:

         dynamic(
           :ok or
             {:ok,
              boolean() or non_empty_list(term()) or
                non_empty_list({:not, non_empty_list({term(), non_empty_list({:in, not empty_list()})})})}
         )

     type warning found at:
     │
 128 │               _error ->
     │                      ~
     │
     └─ lib/ash_iam/check.ex:128:22: AshIam.Check.auto_filter/3

    warning: incompatible types given as default arguments to allowed?/4:

        dynamic(), dynamic(), dynamic(%{..., __struct__: term()}), -binary()-

    but expected one of:

        term(), term(), %{..., __struct__: term()}, %{...} or nil

    where "x0" (context :elixir_def) was given the type:

        # type: dynamic()
        # from: lib/ash_iam/policy.ex
        x0

    where "x1" (context :elixir_def) was given the type:

        # type: dynamic()
        # from: lib/ash_iam/policy.ex
        x1

    where "x2" (context :elixir_def) was given the types:

        # type: dynamic(%{..., __struct__: term()})
        # from: lib/ash_iam/policy.ex:55:48
        super(x0, x1, x2, "*")

        # type: dynamic()
        # from: lib/ash_iam/policy.ex
        x2

    type warning found at:
    │
 55 │   def allowed?(actor, action, resource, record \\ "*") do
    │                                                ~
    │
    └─ lib/ash_iam/policy.ex:55:48: AshIam.Policy.allowed?/3

Generated ash_iam app
==> ash_rate_limiter
Compiling 11 files (.ex)
Generated ash_rate_limiter app
==> ash_paper_trail
Compiling 22 files (.ex)
    warning: unused require Ash.Query
    │
  9 │   require Ash.Query
    │   ~
    │
    └─ lib/resource/changes/create_new_version.ex:9:3

    warning: unused require Logger
    │
 10 │   require Logger
    │   ~
    │
    └─ lib/resource/changes/create_new_version.ex:10:3

    warning: the following conditional expression:

        upsert?

    will always evaluate to:

        dynamic(not false and not nil)

    where "upsert?" was given the types:

        # type: dynamic()
        # from: lib/resource/changes/create_new_version.ex:89:10
        upsert?

        # type: dynamic(not false and not nil)
        # from: lib/resource/changes/create_new_version.ex:89:10
        upsert?

    type warning found at:
    │
 89 │         !upsert? || (upsert? && changed?)
    │         ~~~~~~~~~~~~~~~~~~~~~~~~~~~~~~~~~
    │
    └─ lib/resource/changes/create_new_version.ex:89: AshPaperTrail.Resource.Changes.CreateNewVersion.should_record_version_for_action?/2

Generated ash_paper_trail app
==> ash_state_machine
Compiling 17 files (.ex)
Generated ash_state_machine app
==> ash_oban
Compiling 22 files (.ex)
Generated ash_oban app
==> ash_sql
Compiling 14 files (.ex)
    warning: unused require Ash.Query
    │
  9 │   require Ash.Query
    │   ~
    │
    └─ lib/aggregate.ex:9:3

      warning: incompatible types given to Map.get/3:

          Map.get(exists, :__join_filters__, %{})

      the map:

          dynamic(
            %Ash.Query.Exists{path: non_empty_list(term(), term())} and
              not %Ash.Query.Exists{related?: false}
          )

      does not have all required keys:

          :__join_filters__

      therefore this function will always return empty_map()

      where "exists" was given the type:

          # type: dynamic(
            %Ash.Query.Exists{path: non_empty_list(term(), term())} and
              not %Ash.Query.Exists{related?: false}
          )
          # from: lib/expr.ex:2901:70
          %Ash.Query.Exists{at_path: at_path, path: [first | rest], expr: expr} = exists

      type warning found at:
      │
 2929 │       |> Map.get(:__join_filters__, %{})
      │              ~
      │
      └─ lib/expr.ex:2929:14: AshSql.Expr.default_dynamic_expr/6

      warning: the following clause is redundant:

          %Decimal{} = list_item ->

      previous clauses have already matched on the following types:

          %Ash.Query.Function.Type{}
          atom()
          empty_list()
          non_empty_list(term(), term())
          map()

      where "list_item" was given the type:

          # type: dynamic(%Decimal{})
          # from: lib/expr.ex:3470:18
          %Decimal{} = list_item

      type warning found at:
      │
 3470 │       %Decimal{} = list_item ->
      │                              ~
      │
      └─ lib/expr.ex:3470:30: AshSql.Expr.reverse_engineer_type/1

      warning: the following clause cannot match because the previous clauses already matched all possible values:

          type ->

      it attempts to match on the result of:

          type

      which has the already matched type:

          dynamic({:array or ({...} and not {:array, term()}) or {:array, term()}, term()})

      where "type" was given the type:

          # type: dynamic({:array or ({...} and not {:array, term()}) or {:array, term()}, term()})
          # from: lib/expr.ex:4235:17
          type

      type warning found at:
      │
 4235 │                 type -> {type, []}
      │                      ~
      │
      └─ lib/expr.ex:4235:22: AshSql.Expr.maybe_type_expr/6

      warning: the following clause will never match:

          {:array, type} ->

      because it attempts to match on the result of:

          type

      which has type:

          dynamic(
            (atom() and not(false, nil)) or ({...} and not {:array or {:array, term()}, term()}) or
              bitstring() or empty_list() or float() or fun() or integer() or map() or
              non_empty_list(term(), term()) or pid() or port() or reference() or
              {{...} and not {:array, term()}, term()}
          )

      type warning found at:
      │
 4250 │             {:array, type} -> {{:array, type}, []}
      │             ~~~~~~~~~~~~~~~~~~~~~~~~~~~~~~~~~~~~~~
      │
      └─ lib/expr.ex:4250: AshSql.Expr.maybe_type_expr/6

Generated ash_sql app
==> ash_postgres
Compiling 65 files (.ex)
Generated ash_postgres app
==> ash_onetime
Compiling 52 files (.ex)
Generated ash_onetime app
==> ash_events
Compiling 35 files (.ex)
    warning: the following clause is redundant:

        defp validate_route_to_list([], _resource)

    it has type:

        empty_list(), dynamic()

    previous clauses have already matched on the following types:

        empty_list() or non_empty_list(term(), term()), term()
        nil, term()

    │
 41 │   defp validate_route_to_list([], _resource), do: :ok
    │        ~
    │
    └─ lib/event_log/verifiers/verify_replay_overrides.ex:41:8: AshEvents.EventLog.Verifiers.VerifyReplayOverrides.validate_route_to_list/2

Generated ash_events app
==> llm_db
Compiling 61 files (.ex)
Generated llm_db app
==> req_llm
Compiling 199 files (.ex)
Generated req_llm app
warning: "xref: [exclude: ...]" in your mix.exs file is deprecated, instead use: "elixirc_options: [no_warn_undefined: ...]"
  (mix 1.20.2) lib/mix/tasks/compile.elixir.ex:243: Mix.Tasks.Compile.Elixir.xref_exclude_opts/2
  (mix 1.20.2) lib/mix/tasks/compile.elixir.ex:142: Mix.Tasks.Compile.Elixir.run/1
  (mix 1.20.2) lib/mix/task.ex:502: anonymous fn/3 in Mix.Task.run_task/5
  (mix 1.20.2) lib/mix/task.compiler.ex:299: Mix.Task.Compiler.run_compiler/2
  (mix 1.20.2) lib/mix/task.compiler.ex:287: Mix.Task.Compiler.run/4
  (mix 1.20.2) lib/mix/tasks/compile.all.ex:75: Mix.Tasks.Compile.All.do_run/2

==> assent
Compiling 40 files (.ex)
Generated assent app
==> ash_authentication
Compiling 172 files (.ex)
    warning: unused require AshAuthentication.Plug.Macros
    │
 79 │   require Macros
    │   ~
    │
    └─ lib/ash_authentication/plug.ex:79:3

    warning: unused require Ash.Query
    │
 52 │   require Ash.Query
    │   ~
    │
    └─ lib/ash_authentication/strategies/oauth2/user_resolver.ex:52:3

    warning: unused require Ash.Query
    │
 17 │   require Ash.Query
    │   ~
    │
    └─ lib/ash_authentication/strategies/password/request_password_reset.ex:17:3

    warning: unused require Ash.Query
    │
 35 │   require Ash.Query
    │   ~
    │
    └─ lib/ash_authentication/strategies/remember_me/maybe_generate_token_preparation.ex:35:3

     warning: default arguments in protocol definitions is deprecated
     │
 131 │   def action(strategy, action_name, params, options \\ [])
     │   ~~~~~~~~~~~~~~~~~~~~~~~~~~~~~~~~~~~~~~~~~~~~~~~~~~~~~~~~
     │
     └─ lib/ash_authentication/strategy.ex:131: AshAuthentication.Strategy (module)

    warning: protocols can only define functions without implementation via def/1, found: action/3
    │
  5 │ defprotocol AshAuthentication.Strategy do
    │ ~~~~~~~~~~~~~~~~~~~~~~~~~~~~~~~~~~~~~~~~~
    │
    └─ lib/ash_authentication/strategy.ex:5: AshAuthentication.Strategy (module)

    warning: unused require Ash.Query
    │
 22 │   require Ash.Query
    │   ~
    │
    └─ lib/ash_authentication/strategies/oauth2/identity_change.ex:22:3

    warning: unused require Ash.Query
    │
 21 │   require Ash.Query
    │   ~
    │
    └─ lib/ash_authentication/strategies/oauth2/sign_in_preparation.ex:21:3

    warning: unused require Ash.Expr
    │
 11 │   require Ash.Expr
    │   ~
    │
    └─ lib/ash_authentication/token_resource/verifier.ex:11:3

     warning: the right-hand side of || will never be executed:

         uri.path || ...

     because the left-hand side always evaluates to:

         binary()

     where "uri" was given the types:

         # type: dynamic(%URI{})
         # from: lib/ash_authentication/strategies/oauth2/plug.ex:255:23
         %URI{} = uri

         # type: dynamic(%URI{})
         # from: lib/ash_authentication/strategies/oauth2/plug.ex:255:30
         {:ok, %URI{} = uri} <- URI.new(redirect_uri)

         # type: dynamic(%URI{path: binary()})
         # from: lib/ash_authentication/strategies/oauth2/plug.ex:259:19
         String.ends_with?(uri.path, suffix)

     type warning found at:
     │
 262 │           Path.join([uri.path || "/", suffix])
     │           ~~~~~~~~~~~~~~~~~~~~~~~~~~~~~~~~~~~~
     │
     └─ lib/ash_authentication/strategies/oauth2/plug.ex:262: AshAuthentication.Strategy.OAuth2.Plug.build_redirect_uri/2

Generated ash_authentication app
==> exla
Using libexla.so from /Users/sac/Library/Caches/xla/exla/elixir-1.20.2-erts-16.4.0.2-xla-0.10.0-exla-0.13.1-2glcny4ptaw54mmumr7mwelqzq/libexla.so
EXLA_CPU_ONLY is not set, checking for nvcc availability
CUDA is not available.
Compiling 25 files (.ex)
Generated exla app
==> xaas
===> Analyzing applications...
===> Compiling metrics
===> Analyzing applications...
===> Compiling hackney
==> stripity_stripe
Compiling 92 files (.ex)
    warning: unused require Stripe.Util
    │
 11 │   require Stripe.Util
    │   ~
    │
    └─ lib/stripe/terminal/connection_token.ex:11:3

    warning: unused require Stripe.Util
    │
 15 │   require Stripe.Util
    │   ~
    │
    └─ lib/stripe/terminal/location.ex:15:3

    warning: unused require Stripe.Util
    │
 15 │   require Stripe.Util
    │   ~
    │
    └─ lib/stripe/terminal/reader.ex:15:3

    warning: unused require Stripe.Util
    │
 14 │   require Stripe.Util
    │   ~
    │
    └─ lib/stripe/core_resources/payment_link.ex:14:3

    warning: unused require Stripe.Util
    │
 17 │   require Stripe.Util
    │   ~
    │
    └─ lib/stripe/core_resources/payment_intent.ex:17:3

    warning: unused require Stripe.Util
    │
 17 │   require Stripe.Util
    │   ~
    │
    └─ lib/stripe/core_resources/setup_intent.ex:17:3

    warning: unused require Stripe.Util
    │
 13 │   require Stripe.Util
    │   ~
    │
    └─ lib/stripe/core_resources/webhook_endpoint.ex:13:3

     warning: expected a module (an atom) when invoking __from_json__/1 in expression:

         module.__from_json__(
           Enum.reduce(struct_keys, %{}, fn key, acc ->
             string_key = to_string(key)
         
             converted_value =
               case string_key do
                 ...
               end
         
             Map.put(acc, key, converted_value)
           end)
         )

     where "module" was given the type:

         # type: dynamic(%{..., __struct__: map()})
         # from: lib/stripe/converter.ex:143:23
         Map.keys(module.__struct__)

     where "struct_keys" was given the type:

         # type: dynamic()
         # from: lib/stripe/converter.ex:143:17
         struct_keys = List.delete(Map.keys(module.__struct__), :__struct__)

     where "value" was given the type:

         # type: dynamic(map())
         # from: lib/stripe/converter.ex:141:57
         %{"object" => object_name} = value

     type warning found at:
     │
 159 │       |> module.__from_json__()
     │                 ~
     │
     └─ lib/stripe/converter.ex:159:17: Stripe.Converter.convert_stripe_object/1

both :extra_applications and :applications was found in your mix.exs. You most likely want to remove the :applications key, as all applications are derived from your dependencies
Generated stripity_stripe app
==> tesla
Compiling 57 files (.ex)
Generated tesla app
==> json_ld
Compiling 17 files (.ex)
    warning: the right-hand side of || will never be executed:

        term_def.iri_mapping || ...

    because the left-hand side always evaluates to:

        binary()

    where "term_def" was given the types:

        # type: dynamic()
        # from: lib/json/ld/iri_expansion.ex:66:23
        term_def = active_context.term_defs[value]

        # type: dynamic(not false and not nil)
        # from: lib/json/ld/iri_expansion.ex:66:23
        term_def = active_context.term_defs[value]

        # type: dynamic(%{..., iri_mapping: binary()})
        # from: lib/json/ld/iri_expansion.ex:66:69
        JSON.LD.keyword?(term_def.iri_mapping)

    type warning found at:
    │
 67 │               {term_def.iri_mapping || :halt, active_context, defined}
    │               ~~~~~~~~~~~~~~~~~~~~~~~~~~~~~~~~~~~~~~~~~~~~~~~~~~~~~~~~
    │
    └─ lib/json/ld/iri_expansion.ex:67: JSON.LD.IRIExpansion.expand_iri/7

Generated json_ld app
==> cc_precompiler
Compiling 3 files (.ex)
Generated cc_precompiler app
==> lazy_html
Compiling 3 files (.ex)
Generated lazy_html app
==> tailwind
Compiling 3 files (.ex)
    warning: Logger.warn/1 is deprecated. Use Logger.warning/2 instead
    │
 91 │       Logger.warn("""
    │              ~
    │
    └─ lib/tailwind.ex:91:14: Tailwind.start/2

     warning: Logger.warn/1 is deprecated. Use Logger.warning/2 instead
     │
 105 │         Logger.warn("""
     │                ~
     │
     └─ lib/tailwind.ex:105:16: Tailwind.start/2

Generated tailwind app
==> xaas
===> Analyzing applications...
===> Compiling cowboy_telemetry
==> plug_cowboy
Compiling 5 files (.ex)
Generated plug_cowboy app
==> ash_cloak
Compiling 6 files (.ex)
Generated ash_cloak app
==> websock
Compiling 1 file (.ex)
Generated websock app
==> bandit
Compiling 54 files (.ex)
Generated bandit app
==> a2a
Compiling 30 files (.ex)
Generated a2a app
==> websock_adapter
Compiling 4 files (.ex)
Generated websock_adapter app
warning: "xref: [exclude: ...]" in your mix.exs file is deprecated, instead use: "elixirc_options: [no_warn_undefined: ...]"
  (mix 1.20.2) lib/mix/tasks/compile.elixir.ex:243: Mix.Tasks.Compile.Elixir.xref_exclude_opts/2
  (mix 1.20.2) lib/mix/tasks/compile.elixir.ex:142: Mix.Tasks.Compile.Elixir.run/1
  (mix 1.20.2) lib/mix/task.ex:502: anonymous fn/3 in Mix.Task.run_task/5
  (mix 1.20.2) lib/mix/task.compiler.ex:299: Mix.Task.Compiler.run_compiler/2
  (mix 1.20.2) lib/mix/task.compiler.ex:287: Mix.Task.Compiler.run/4
  (mix 1.20.2) lib/mix/tasks/compile.all.ex:75: Mix.Tasks.Compile.All.do_run/2

==> phoenix
Compiling 71 files (.ex)
    warning: unused require Logger
    │
  9 │   require Logger
    │   ~
    │
    └─ lib/phoenix/config.ex:9:3

     warning: unused require Logger
     │
 281 │   require Logger
     │   ~
     │
     └─ lib/phoenix/endpoint.ex:281:3

    warning: the variable "prefix_size" is accessed inside size(...) of a bitstring but it was defined outside of the match. You must precede it with the pin operator
    │
 46 │       <<prefix::binary-size(prefix_size), ^suffix::binary>> -> prefix
    │                             ~
    │
    └─ lib/phoenix/naming.ex:46:29: Phoenix.Naming.unsuffix/2

     warning: unused require Logger
     │
 100 │   require Logger
     │   ~
     │
     └─ lib/phoenix/token.ex:100:3

    warning: unused require Phoenix.Endpoint
    │
 17 │   require Phoenix.Endpoint
    │   ~
    │
    └─ lib/phoenix/endpoint/render_errors.ex:17:3

    warning: unused require Logger
    │
 70 │   require Logger
    │   ~
    │
    └─ lib/phoenix/socket/pool_supervisor.ex:70:3

    warning: unused require Phoenix.Endpoint
    │
  6 │   require Phoenix.Endpoint
    │   ~
    │
    └─ lib/phoenix/controller.ex:6:3

     warning: unused require Phoenix.Endpoint
     │
 202 │   require Phoenix.Endpoint
     │   ~
     │
     └─ lib/phoenix/socket.ex:202:3

    warning: unused require Phoenix.Endpoint
    │
  6 │   require Phoenix.Endpoint
    │   ~
    │
    └─ lib/phoenix/channel/server.ex:6:3

    warning: a struct for Plug.Conn is expected on struct update:

        %Plug.Conn{conn | state: :sent}

    but got type:

        dynamic()

    where "conn" was given the type:

        # type: dynamic()
        # from: lib/phoenix/endpoint/render_errors.ex:55:17
        conn

    when defining the variable "conn", you must also pattern match on "%Plug.Conn{}"

    type warning found at:
    │
 60 │           %Plug.Conn{conn | state: :sent}
    │           ~
    │
    └─ lib/phoenix/endpoint/render_errors.ex:60:11: Phoenix.Endpoint.RenderErrors.__catch__/5

     warning: comparison between distinct types found:

         merge_all != []

     given types:

         dynamic(non_empty_list(term(), term())) != empty_list()

     where "merge_all" was given the type:

         # type: dynamic(non_empty_list(term(), term()))
         # from: lib/phoenix/router/route.ex:121:15
         merge_all = merge_params ++ merge_private ++ merge_assigns

     While Elixir can compare across all types, you are comparing across types which are always disjoint, and the result is either always true or always false

     type warning found at:
     │
 123 │     if merge_all != [] do
     │                  ~
     │
     └─ lib/phoenix/router/route.ex:123:18: Phoenix.Router.Route.build_prepare/1

     warning: a struct for Plug.Conn is expected on struct update:

         %Plug.Conn{conn | query_params: %{}, params: %{}}

     but got type:

         dynamic(%{..., params: %Plug.Conn.Unfetched{}})

     where "conn" was given the types:

         # type: dynamic(%{..., params: term()})
         # from: lib/phoenix/endpoint/render_errors.ex:133:17
         conn.params

         # type: dynamic(%{..., params: %Plug.Conn.Unfetched{}})
         # from: lib/phoenix/endpoint/render_errors.ex:133:17
         conn.params

     when defining the variable "conn", you must also pattern match on "%Plug.Conn{}"

     type warning found at:
     │
 134 │         %Plug.Conn.Unfetched{} -> %Plug.Conn{conn | query_params: %{}, params: %{}}
     │                                   ~
     │
     └─ lib/phoenix/endpoint/render_errors.ex:134:35: Phoenix.Endpoint.RenderErrors.maybe_fetch_query_params/1

     warning: a struct for Plug.Conn is expected on struct update:

         %Plug.Conn{conn | query_params: %{}, params: params}

     but got type:

         dynamic(%{..., params: not %Plug.Conn.Unfetched{}})

     where "conn" was given the types:

         # type: dynamic(%{..., params: term()})
         # from: lib/phoenix/endpoint/render_errors.ex:133:17
         conn.params

         # type: dynamic(%{..., params: not %Plug.Conn.Unfetched{}})
         # from: lib/phoenix/endpoint/render_errors.ex:133:17
         conn.params

     when defining the variable "conn", you must also pattern match on "%Plug.Conn{}"

     type warning found at:
     │
 135 │         params -> %Plug.Conn{conn | query_params: %{}, params: params}
     │                   ~
     │
     └─ lib/phoenix/endpoint/render_errors.ex:135:19: Phoenix.Endpoint.RenderErrors.maybe_fetch_query_params/1

      warning: a struct for Plug.Conn is expected on struct update:

          %Plug.Conn{conn | params: params}

      but got type:

          dynamic(%{..., params: map()})

      where "conn" was given the type:

          # type: dynamic(%{..., params: map()})
          # from: lib/phoenix/controller.ex:1327:17
          Map.get(conn.params, required_key)

      when defining the variable "conn", you must also pattern match on "%Plug.Conn{}"

      type warning found at:
      │
 1334 │     %Plug.Conn{conn | params: params}
      │     ~
      │
      └─ lib/phoenix/controller.ex:1334:5: Phoenix.Controller.scrub_params/2

Generated phoenix app
==> ash_json_api
Compiling 76 files (.ex)
    warning: unused require Logger
    │
  8 │   require Logger
    │   ~
    │
    └─ lib/mix/tasks/ash_json_api.routes.ex:8:3

    warning: unused require Igniter.Code.Common
    │
  9 │     require Igniter.Code.Common
    │     ~
    │
    └─ lib/mix/tasks/ash_json_api.install.ex:9:5

    warning: unused require Ash.Query
    │
 26 │   require Ash.Query
    │   ~
    │
    └─ lib/ash_json_api/request.ex:26:3

    warning: unused require Logger
    │
  7 │   require Logger
    │   ~
    │
    └─ lib/ash_json_api/request.ex:7:3

    warning: unused require Logger
    │
 57 │     require Logger
    │     ~
    │
    └─ lib/ash_json_api/json_schema/open_api.ex:57:5

      warning: the following clause is redundant:

          {nil, _value} ->

      previous clauses have already matched on the following types:

          {%Ash.Resource.Actions.Argument{type: Ash.Type.File}, binary()}
          {%Ash.Resource.Actions.Argument{}, term()}
          {atom(), term()}

      type warning found at:
      │
 1246 │         {nil, _value} ->
      │                       ~
      │
      └─ lib/ash_json_api/request.ex:1246:23: AshJsonApi.Request.parse_attributes/1

     warning: the following conditional expression:

         AshJsonApi.OpenApiSpexChecker.has_open_api?()

     will always evaluate to:

         dynamic(true)

     type warning found at:
     │
 200 │     AshJsonApi.OpenApiSpexChecker.has_open_api?() && conn.method == "GET" &&
     │     ~~~~~~~~~~~~~~~~~~~~~~~~~~~~~~~~~~~~~~~~~~~~~~~~~~~~~~~~~~~~~~~~~~~~~~~~
     │
     └─ lib/ash_json_api/controllers/router.ex:200: AshJsonApi.Controllers.Router.open_api_request?/2

     warning: the following clause cannot match because the previous clauses already matched all possible values:

         _ ->

     it attempts to match on the result of:

         links

     which has the already matched type:

         dynamic(nil)

     type warning found at:
     │
 347 │         if links do
     │         ~~~~~~~~~~~
     │
     └─ lib/ash_json_api/json_schema/json_schema.ex:347: AshJsonApi.JsonSchema.resource_relationships/1

     warning: comparison between distinct types found:

         limit == nil

     given types:

         dynamic(not nil) == nil

     where "limit" was given the type:

         # type: dynamic(not nil)
         # from: lib/ash_json_api/serializer.ex:344
         limit == nil

     While Elixir can compare across all types, you are comparing across types which are always disjoint, and the result is either always true or always false

     type warning found at:
     │
 350 │       is_nil(limit) and is_binary(before_cursor) ->
     │       ~~~~~~~~~~~~~~~~~~~~~~~~~~~~~~~~~~~~~~~~~~~~~
     │
     └─ lib/ash_json_api/serializer.ex:350: AshJsonApi.Serializer.put_page_params/2

     warning: the right-hand side of || will never be executed:

         paginator.limit || ...

     because the left-hand side always evaluates to:

         dynamic(not false and not nil)

     where "paginator" was given the types:

         # type: dynamic(%Ash.Page.Offset{})
         # from: lib/ash_json_api/serializer.ex:485:37
         %Ash.Page.Offset{} = paginator

         # type: dynamic(%Ash.Page.Offset{limit: not false and not nil})
         # from: lib/ash_json_api/serializer.ex:487:20
         paginator.limit

         # type: dynamic(%Ash.Page.Offset{limit: not false and not nil, offset: float() or integer()})
         # from: lib/ash_json_api/serializer.ex:488:30
         paginator.offset - (paginator.limit || 0)

     type warning found at:
     │
 488 │         max(paginator.offset - (paginator.limit || 0), 0)
     │         ~~~~~~~~~~~~~~~~~~~~~~~~~~~~~~~~~~~~~~~~~~~~~~~~~
     │
     └─ lib/ash_json_api/serializer.ex:488: AshJsonApi.Serializer.prev_page/1

      warning: the following clause cannot match because the previous clauses already matched all possible values:

          _ ->

      it attempts to match on the result of:

          links

      which has the already matched type:

          dynamic(nil)

      type warning found at:
      │
 1387 │           if links do
      │           ~~~~~~~~~~~
      │
      └─ lib/ash_json_api/json_schema/open_api.ex:1387: AshJsonApi.OpenApi.resource_relationships/1

Generated ash_json_api app
==> phoenix_live_view
Compiling 55 files (.ex)
Generated phoenix_live_view app
==> petal_components
Compiling 36 files (.ex)

12:55:25.107 [warning] Heroicons path "/Users/sac/wt/v26922/v23/R1-X-LOCK/deps/heroicons/optimized" does not exist or is not a folder. Consider adding the following to your list of dependencies:

{:heroicons,
  github: "tailwindlabs/heroicons",
  tag: "v2.1.5",
  app: false,
  compile: false,
  sparse: "optimized"}

See https://petal.build/components/heroicons for up-to-date instructions

    warning: unused require Logger
    │
  8 │   require Logger
    │   ~
    │
    └─ lib/petal_components/button.ex:8:3

     warning: undefined attribute "x-cloak" for component PetalComponents.Icon.icon/1
     │
 100 │                     x-cloak={@js_lib == "alpine_js"}
     │                     ~~~~~~~~~~~~~~~~~~~~~~~~~~~~~~~~
     │
     └─ lib/petal_components/accordion.ex:100: (file)

     warning: undefined attribute "x-cloak" for component PetalComponents.Icon.icon/1
     │
 107 │                     x-cloak={@js_lib == "alpine_js"}
     │                     ~~~~~~~~~~~~~~~~~~~~~~~~~~~~~~~~
     │
     └─ lib/petal_components/accordion.ex:107: (file)

Generated petal_components app
warning: "xref: [exclude: ...]" in your mix.exs file is deprecated, instead use: "elixirc_options: [no_warn_undefined: ...]"
  (mix 1.20.2) lib/mix/tasks/compile.elixir.ex:243: Mix.Tasks.Compile.Elixir.xref_exclude_opts/2
  (mix 1.20.2) lib/mix/tasks/compile.elixir.ex:142: Mix.Tasks.Compile.Elixir.run/1
  (mix 1.20.2) lib/mix/task.ex:502: anonymous fn/3 in Mix.Task.run_task/5
  (mix 1.20.2) lib/mix/task.compiler.ex:299: Mix.Task.Compiler.run_compiler/2
  (mix 1.20.2) lib/mix/task.compiler.ex:287: Mix.Task.Compiler.run/4
  (mix 1.20.2) lib/mix/tasks/compile.all.ex:75: Mix.Tasks.Compile.All.do_run/2

==> heroicons
Compiling 3 files (.ex)
Compiling lib/heroicons.ex (it's taking more than 10s)
Generated heroicons app
==> phoenix_live_dashboard
Compiling 36 files (.ex)
Generated phoenix_live_dashboard app
==> ash_phoenix
Compiling 35 files (.ex)
      warning: the right-hand side of || will never be executed:

          form.form_keys || ...

      because the left-hand side always evaluates to:

          dynamic(empty_list() or non_empty_list(term(), term()))

      where "form" was given the types:

          # type: dynamic(%AshPhoenix.Form{})
          # from: lib/ash_phoenix/form/form.ex:6373:17
          form

          # type: dynamic(%AshPhoenix.Form{form_keys: empty_list() or non_empty_list(term(), term())})
          # from: lib/ash_phoenix/form/form.ex:6374:22
          Keyword.has_key?(form.form_keys, field)

      type warning found at:
      │
 6379 │           available: Keyword.keys(form.form_keys || [])
      │           ~~~~~~~~~~~~~~~~~~~~~~~~~~~~~~~~~~~~~~~~~~~~~
      │
      └─ lib/ash_phoenix/form/form.ex:6379: Phoenix.HTML.FormData.AshPhoenix.Form.to_form/4

     warning: expected a map with key :errors in map update syntax:

         %{form | errors: List.wrap(error)}

     but got type:

         dynamic(%AshPhoenix.FilterForm{
           id: term(),
           resource: term(),
           transform_errors: term(),
           name: term(),
           valid?: not false and not nil,
           negated?: term(),
           params: term(),
           components: term(),
           operator: term(),
           remove_empty_groups?: term()
         })

     where "error" was given the type:

         # type: dynamic(
           %AshPhoenix.FilterForm.Predicate{} or (map() and not %AshPhoenix.FilterForm{}) or atom() or
             bitstring() or empty_list() or float() or fun() or integer() or non_empty_list(term(), term()) or
             pid() or port() or reference() or {...}
         )
         # from: lib/ash_phoenix/filter_form/filter_form.ex
         {:error, error}

     where "form" was given the types:

         # type: dynamic(%{..., valid?: term()})
         # from: lib/ash_phoenix/filter_form/filter_form.ex:426:13
         form.valid?

         # type: dynamic(%{..., valid?: not false and not nil})
         # from: lib/ash_phoenix/filter_form/filter_form.ex:426:13
         form.valid?

         # type: dynamic(
           %AshPhoenix.FilterForm{valid?: not false and not nil} or
             %AshPhoenix.FilterForm.Predicate{valid?: not false and not nil}
         )
         # from: lib/ash_phoenix/filter_form/filter_form.ex:427:12
         do_to_filter_expression(form, form.resource)

         # type: dynamic(%AshPhoenix.FilterForm{valid?: not false and not nil})
         # from: lib/ash_phoenix/filter_form/filter_form.ex:427:12
         do_to_filter_expression(form, form.resource)

     type warning found at:
     │
 435 │           {:error, %{form | errors: List.wrap(error)}}
     │                    ~
     │
     └─ lib/ash_phoenix/filter_form/filter_form.ex:435:20: AshPhoenix.FilterForm.to_filter_expression/1

      warning: comparison between distinct types found:

          form.type == :action_input

      given types:

          dynamic(:action or :create or :destroy or :read or :update) == :action_input

      where "form" was given the types:

          # type: dynamic(%{...} or %{..., opts: empty_list() or non_empty_list(term(), term())})
          # from: lib/ash_phoenix/form/form.ex:2219:10
          form =
            if Keyword.get(opts, :errors, true) do
              update_all_forms(form, &%{&1 | errors: true})
            else
              form
            end

          # type: dynamic(
            %{..., opts: empty_list() or non_empty_list(term(), term()), valid?: term()} or
              %{..., valid?: term()}
          )
          # from: lib/ash_phoenix/form/form.ex:2229:13
          form.valid?

          # type: dynamic(
            %{
              ...,
              opts: empty_list() or non_empty_list(term(), term()),
              prepare_source: term(),
              valid?: term()
            } or %{..., prepare_source: term(), valid?: term()}
          )
          # from: lib/ash_phoenix/form/form.ex:2233:29
          form.prepare_source

          # type: dynamic(
            %{
              ...,
              opts: empty_list() or non_empty_list(term(), term()),
              prepare_source: term(),
              type: term(),
              valid?: term()
            } or %{..., prepare_source: term(), type: term(), valid?: term()}
          )
          # from: lib/ash_phoenix/form/form.ex:2236:19
          form.type

          # type: dynamic(
            %{
              ...,
              opts: empty_list() or non_empty_list(term(), term()),
              prepare_source: term(),
              type: :action or :create or :destroy or :read or :update,
              valid?: term()
            } or
              %{
                ...,
                prepare_source: term(),
                type: :action or :create or :destroy or :read or :update,
                valid?: term()
              }
          )
          # from: lib/ash_phoenix/form/form.ex:2236:19
          form.type

      While Elixir can compare across all types, you are comparing across types which are always disjoint, and the result is either always true or always false

      type warning found at:
      │
 2348 │         {:error, %{action_input: action_input} = error} when form.type == :action_input ->
      │                                                                        ~
      │
      └─ lib/ash_phoenix/form/form.ex:2348:72: AshPhoenix.Form.submit/2

      warning: the right-hand side of || will never be executed:

          form.submit_errors || ...

      because the left-hand side always evaluates to:

          dynamic(not false and not nil)

      where "form" was given the types:

          # type: dynamic(%AshPhoenix.Form{})
          # from: lib/ash_phoenix/form/form.ex:3199:10
          form = to_form!(form)

          # type: dynamic(%AshPhoenix.Form{submit_errors: not false and not nil})
          # from: lib/ash_phoenix/form/form.ex:3215:17
          form.submit_errors

      type warning found at:
      │
 3218 │               form.submit_errors || []
      │               ~~~~~~~~~~~~~~~~~~~~~~~~
      │
      └─ lib/ash_phoenix/form/form.ex:3218: AshPhoenix.Form.errors_for/3

      warning: the right-hand side of || will never be executed:

          form.submit_errors || ...

      because the left-hand side always evaluates to:

          dynamic(not false and not nil)

      where "form" was given the types:

          # type: dynamic(%AshPhoenix.Form{})
          # from: lib/ash_phoenix/form/form.ex:3199:10
          form = to_form!(form)

          # type: dynamic(%AshPhoenix.Form{submit_errors: not false and not nil})
          # from: lib/ash_phoenix/form/form.ex:3215:17
          form.submit_errors

      type warning found at:
      │
 3221 │               Map.new(form.submit_errors || [], fn {field, {message, vars}} ->
      │               ~~~~~~~~~~~~~~~~~~~~~~~~~~~~~~~~~~~~~~~~~~~~~~~~~~~~~~~~~~~~~~~~
      │
      └─ lib/ash_phoenix/form/form.ex:3221: AshPhoenix.Form.errors_for/3

      warning: the right-hand side of || will never be executed:

          form.submit_errors || ...

      because the left-hand side always evaluates to:

          dynamic(not false and not nil)

      where "form" was given the types:

          # type: dynamic(%AshPhoenix.Form{})
          # from: lib/ash_phoenix/form/form.ex:3199:10
          form = to_form!(form)

          # type: dynamic(%AshPhoenix.Form{submit_errors: not false and not nil})
          # from: lib/ash_phoenix/form/form.ex:3215:17
          form.submit_errors

      type warning found at:
      │
 3228 │               Enum.map(form.submit_errors || [], fn {field, {message, vars}} ->
      │               ~~~~~~~~~~~~~~~~~~~~~~~~~~~~~~~~~~~~~~~~~~~~~~~~~~~~~~~~~~~~~~~~~
      │
      └─ lib/ash_phoenix/form/form.ex:3228: AshPhoenix.Form.errors_for/3

Generated ash_phoenix app
==> ash_ai
Compiling 42 files (.ex)
Generated ash_ai app
==> ash_typescript
Compiling 115 files (.ex)
Generated ash_typescript app
==> ash_authentication_phoenix
Compiling 48 files (.ex)
    warning: unused require Logger
    │
 89 │   require Logger
    │   ~
    │
    └─ lib/ash_authentication_phoenix/router.ex:89:3

    warning: unused require Logger
    │
 46 │   require Logger
    │   ~
    │
    └─ lib/ash_authentication_phoenix/components/magic_link.ex:46:3

Generated ash_authentication_phoenix app
==> cinder
Compiling 57 files (.ex)
Generated cinder app
==> ash_admin
Compiling 35 files (.ex)
Generated ash_admin app
==> sweet_xml
Compiling 2 files (.ex)
     warning: the variable "size" is accessed inside size(...) of a bitstring but it was defined outside of the match. You must precede it with the pin operator
     │
 838 │       <<_::binary - size(size), h>> <> tail when h == ?\s or h == ?\n or h == ?\r or h == ?\t ->
     │                          ~
     │
     └─ lib/sweet_xml.ex:838:26: SweetXml.split_last_whitespace/2

     warning: a struct for SweetXpath is expected on struct update:

         %SweetXpath{xpath | namespaces: [{to_charlist(prefix), to_charlist(uri)} | xpath.namespaces]}

     but got type:

         dynamic()

     where "xpath" was given the type:

         # type: dynamic()
         # from: lib/sweet_xml.ex:245:21
         xpath

     when defining the variable "xpath", you must also pattern match on "%SweetXpath{}"

     type warning found at:
     │
 246 │     %SweetXpath{xpath | namespaces: [{to_charlist(prefix), to_charlist(uri)}
     │     ~
     │
     └─ lib/sweet_xml.ex:246:5: SweetXml.add_namespace/3

Generated sweet_xml app
warning: "xref: [exclude: ...]" in your mix.exs file is deprecated, instead use: "elixirc_options: [no_warn_undefined: ...]"
  (mix 1.20.2) lib/mix/tasks/compile.elixir.ex:243: Mix.Tasks.Compile.Elixir.xref_exclude_opts/2
  (mix 1.20.2) lib/mix/tasks/compile.elixir.ex:142: Mix.Tasks.Compile.Elixir.run/1
  (mix 1.20.2) lib/mix/task.ex:502: anonymous fn/3 in Mix.Task.run_task/5
  (mix 1.20.2) lib/mix/task.compiler.ex:299: Mix.Task.Compiler.run_compiler/2
  (mix 1.20.2) lib/mix/task.compiler.ex:287: Mix.Task.Compiler.run/4
  (mix 1.20.2) lib/mix/tasks/compile.all.ex:75: Mix.Tasks.Compile.All.do_run/2

==> ex_aws
Compiling 29 files (.ex)
Generated ex_aws app
==> swoosh
Compiling 62 files (.ex)
Generated swoosh app
==> ex4pm
Compiling 321 files (.ex)
    warning: unused require Logger
    │
 11 │   require Logger
    │   ~
    │
    └─ lib/ex4pm_engine/reactors/chicago/middlewares/chicago_audit_middleware.ex:11:3

Compiling lib/ex4pm/domain.ex (it's taking more than 10s)
Compiling lib/wasm4pm_compat/ash_types.ex (it's taking more than 10s)
     warning: incompatible types given to Map.get/3:

         Map.get(posterior, "true", 0.2)

     the map:

         dynamic(%{distribution: term(), evidence: term(), query: term()})

     does not have all required keys:

         binary()

     therefore this function will always return float()

     where "posterior" was given the type:

         # type: dynamic(%{distribution: term(), evidence: term(), query: term()})
         # from: lib/ex4pm_engine/reactors/chicago/steps/chicago_steps.ex:173:24
         {:ok, posterior} =
           Ex4pmEngine.Cognition.BayesianNetwork.infer(bn, "Rain", %{"GrassWet" => "true"})

     type warning found at:
     │
 174 │       prob = Map.get(posterior, "true", 0.2)
     │                  ~
     │
     └─ lib/ex4pm_engine/reactors/chicago/steps/chicago_steps.ex:174:18: Ex4pmEngine.Reactors.Chicago.Steps.InferBayesianBelief.run/3

warning: Domain Ex4pmDomain is not present in

    config :ex4pm, ash_domains: [].


To resolve this warning, do one of the following.

1. Add the domain to your configured domain modules. The following snippet can be used.

    config :ex4pm, ash_domains: [Ex4pmDomain]

2. Add the option `validate_config_inclusion?: false` to `use Ash.Domain`

3. Configure all domains not to warn, with `config :ash, :validate_domain_config_inclusion?, false`

  lib/ex4pm_domain.ex:1: Ex4pmDomain.__verify_spark_dsl__/1
  (elixir 1.20.2) lib/enum.ex:983: Enum."-each/2-lists^foreach/1-0-"/2
  (elixir 1.20.2) lib/module/parallel_checker.ex:292: Module.ParallelChecker.check_module/4
  (elixir 1.20.2) lib/module/parallel_checker.ex:127: anonymous fn/7 in Module.ParallelChecker.inner_spawn/6

     warning: the following clause is redundant:

         def flatten(%Ex4pm.EventLog{} = log, nil)

     it has type:

         dynamic(%Ex4pm.EventLog{}), nil

     previous clauses have already matched on the following types:

         %Ex4pm.EventLog{}, atom() or binary()

     │
 111 │   def flatten(%EventLog{} = log, nil) do
     │       ~
     │
     └─ lib/ex4pm/ocel.ex:111:7: Ex4pm.OCEL.flatten/2

warning: Domain Ex4pm.Domain is not present in

    config :ex4pm, ash_domains: [].


To resolve this warning, do one of the following.

1. Add the domain to your configured domain modules. The following snippet can be used.

    config :ex4pm, ash_domains: [Ex4pm.Domain]

2. Add the option `validate_config_inclusion?: false` to `use Ash.Domain`

3. Configure all domains not to warn, with `config :ash, :validate_domain_config_inclusion?, false`

  lib/ex4pm/domain.ex:1: Ex4pm.Domain.__verify_spark_dsl__/1
  (elixir 1.20.2) lib/enum.ex:983: Enum."-each/2-lists^foreach/1-0-"/2
  (elixir 1.20.2) lib/module/parallel_checker.ex:292: Module.ParallelChecker.check_module/4
  (elixir 1.20.2) lib/module/parallel_checker.ex:127: anonymous fn/7 in Module.ParallelChecker.inner_spawn/6

Generated ex4pm app
==> sparql
Compiling 2 files (.erl)
Compiling 43 files (.ex)
Generated sparql app
==> ggen_igniter
Compiling 63 files (.ex)
    warning: type record/0 is overriding a built-in type
    │
 72 │   @type record :: %{
    │   ~~~~~~~~~~~~~~~~~~
    │
    └─ lib/ggen_igniter/controller.ex:72: (file)

Compiling crate ggen_graph_nif in release mode (native/ggen_graph_nif)
Copying /Users/sac/wt/v26922/v23/R1-X-LOCK/deps/ggen_igniter/native/ggen_graph_nif/target/release/libggen_graph_nif.dylib to priv/native/ggen_graph_nif.so
     warning: this clause of defp mode_to_string/1 is never used (or it will always fail/warn when invoked)
     │
 318 │   defp mode_to_string(:create), do: "Create"
     │        ~
     │
     └─ lib/ggen_igniter/ggen_toml_io.ex:318:8: GgenIgniter.GgenToml.IO.mode_to_string/1

     warning: the following clause will never match:

         :error ->

     because it attempts to match on the result of:

         Igniter.Project.Module.find_module(igniter, module)

     which has type:

         dynamic(
           {:error, map()} or
             {:ok,
              {%{
                 ...,
                 assigns:
                   %{..., __struct__: atom(), private: %{..., module_index: map()}} or
                     %{..., __struct__: if_set(not atom()), private: %{..., module_index: map()}}
               }, %{..., path: term()}, term()}}
         )

     type warning found at:
     │
 115 │       :error ->
     │       ~~~~~~~~~
     │
     └─ lib/ggen_igniter/refactors/safe_rename.ex:115: GgenIgniter.Refactors.SafeRename.normalize_parenless_defs/3

     warning: the following clause will never match:

         :error ->

     because it attempts to match on the result of:

         Igniter.Project.Module.find_module(igniter, module)

     which has type:

         dynamic(
           {:error, map()} or
             {:ok,
              {%{
                 ...,
                 assigns:
                   %{..., __struct__: atom(), private: %{..., module_index: map()}} or
                     %{..., __struct__: if_set(not atom()), private: %{..., module_index: map()}}
               }, %{..., path: term()}, term()}}
         )

     type warning found at:
     │
 149 │       :error ->
     │       ~~~~~~~~~
     │
     └─ lib/ggen_igniter/refactors/safe_rename.ex:149: GgenIgniter.Refactors.SafeRename.rename_remaining_guarded_defs/4

     warning: the following clause will never match:

         :error ->

     because it attempts to match on the result of:

         Igniter.Project.Module.find_module(igniter, module)

     which has type:

         dynamic(
           {:error, map()} or
             {:ok,
              {%{
                 ...,
                 assigns:
                   %{..., __struct__: atom(), private: %{..., module_index: map()}} or
                     %{..., __struct__: if_set(not atom()), private: %{..., module_index: map()}}
               }, %{..., path: term()}, term()}}
         )

     type warning found at:
     │
 188 │       :error ->
     │       ~~~~~~~~~
     │
     └─ lib/mix/tasks/ggen_igniter.install.ex:188: Mix.Tasks.GgenIgniter.Install.do_ensure_children_binding/2

     warning: the following pattern will never match:

         store = GgenIgniter.Query.Qlever.load_store!(graph, store_id)

     because the right-hand side has type:

         none()

     where "graph" was given the type:

         # type: dynamic()
         # from: lib/ggen_igniter/engine_registry.ex:212:11
         graph = GgenIgniter.Ontology.load!(ontology_path)

     where "store_id" was given the type:

         # type: dynamic()
         # from: lib/ggen_igniter/engine_registry.ex:211:41
         store_id

     type warning found at:
     │
 213 │     store = Query.Qlever.load_store!(graph, store_id)
     │           ~
     │
     └─ lib/ggen_igniter/engine_registry.ex:213:11: GgenIgniter.EngineRegistry.qlever_reachable?/2

     warning: the following pattern will never match:

         store = GgenIgniter.Query.Qlever.load_store!(graph, store_id)

     because the right-hand side has type:

         none()

     where "graph" was given the type:

         # type: dynamic()
         # from: lib/mix/tasks/ggen_igniter.doctor.ex:692:17
         graph = GgenIgniter.Ontology.load!(ontology_path)

     where "store_id" was given the type:

         # type: dynamic(not nil)
         # from: lib/mix/tasks/ggen_igniter.doctor.ex:681
         store_id == nil

     type warning found at:
     │
 693 │           store = GgenIgniter.Query.Qlever.load_store!(graph, store_id)
     │                 ~
     │
     └─ lib/mix/tasks/ggen_igniter.doctor.ex:693:17: Mix.Tasks.GgenIgniter.Doctor.check_qlever_reachable/2

Generated ggen_igniter app
==> sparql_client
Compiling 9 files (.ex)
Generated sparql_client app
==> opentelemetry_api
Compiling 19 files (.erl)
Compiling 5 files (.ex)
Generated opentelemetry_api app
==> xaas
===> Failed to restore /Users/sac/wt/v26922/v23/R1-X-LOCK/deps/opentelemetry/_build/prod/lib/.rebar3/rebar_compiler_erl/source.dag file. Discarding it.

===> Analyzing applications...
===> Compiling opentelemetry
==> opentelemetry_process_propagator
Compiling 1 file (.erl)
Compiling 4 files (.ex)
Generated opentelemetry_process_propagator app
==> opentelemetry_ash
Compiling 1 file (.ex)
    warning: comparison between distinct types found:

        allowed_types == nil

    given types:

        dynamic(
          (atom() and not(false, nil)) or bitstring() or empty_list() or float() or fun() or integer() or
            map() or non_empty_list(term(), term()) or pid() or port() or reference() or {...}
        ) == nil

    where "allowed_types" was given the type:

        # type: dynamic(
          (atom() and not(false, nil)) or bitstring() or empty_list() or float() or fun() or integer() or
            map() or non_empty_list(term(), term()) or pid() or port() or reference() or {...}
        )
        # from: lib/opentelemetry_ash.ex:52:19
        allowed_types = Application.get_env(:opentelemetry_ash, :trace_types) || [:custom, :action, :flow]

    While Elixir can compare across all types, you are comparing across types which are always disjoint, and the result is either always true or always false

    type warning found at:
    │
 55 │     is_nil(allowed_types) || Enum.member?(allowed_types, type)
    │     ~~~~~~~~~~~~~~~~~~~~~~~~~~~~~~~~~~~~~~~~~~~~~~~~~~~~~~~~~~
    │
    └─ lib/opentelemetry_ash.ex:55: OpentelemetryAsh.trace_type?/1

Generated opentelemetry_ash app
==> absinthe
Compiling 1 file (.erl)
Compiling 265 files (.ex)
Generated absinthe app
==> prom_ex
Compiling 37 files (.ex)
    warning: unused require Logger
    │
  7 │   require Logger
    │   ~
    │
    └─ lib/prom_ex/dashboard_renderer.ex:7:3

     warning: unused require Logger
     │
 112 │     require Logger
     │     ~
     │
     └─ lib/prom_ex/plugins/plug_router.ex:112:5

    warning: unused require Logger
    │
 37 │     require Logger
    │     ~
    │
    └─ lib/prom_ex/plugins/broadway.ex:37:5

Generated prom_ex app
==> absinthe_plug
Compiling 18 files (.ex)
     warning: unused require Logger
     │
 123 │   require Logger
     │   ~
     │
     └─ lib/absinthe/plug.ex:123:3

Generated absinthe_plug app
==> ash_graphql
Compiling 62 files (.ex)
Compiling lib/resource/resource.ex (it's taking more than 10s)
Generated ash_graphql app
==> ash_r2rml
Compiling 111 files (.ex)
Compiling lib/ash_r2rml/reactor/middleware/telemetry_logger.ex (it's taking more than 10s)
Compiling lib/ash_r2rml/resource.ex (it's taking more than 10s)
Compiling lib/ash_r2rml/provenance.ex (it's taking more than 10s)
Compiling lib/ash_r2rml/production/deployment.ex (it's taking more than 10s)
Compiling lib/ash_r2rml/production/control_plane.ex (it's taking more than 10s)
Compiling lib/ash_r2rml/production/capabilities.ex (it's taking more than 10s)
Compiling lib/ash_r2rml/production.ex (it's taking more than 10s)
Compiling lib/ash_r2rml/policy.ex (it's taking more than 10s)
Compiling lib/ash_r2rml/obda_in_memory.ex (it's taking more than 10s)
Compiling lib/ash_r2rml/mapping.ex (it's taking more than 10s)
Compiling lib/ash_r2rml/knowledge_hooks.ex (it's taking more than 10s)
Compiling lib/ash_r2rml/knowledge_hook/spec.ex (it's taking more than 10s)
Compiling lib/ash_r2rml/integrity.ex (it's taking more than 10s)
Compiling lib/ash_r2rml/ggen_ttl.ex (it's taking more than 10s)
Compiling lib/ash_r2rml/ggen.ex (it's taking more than 10s)
Compiling lib/ash_r2rml/evidence.ex (it's taking more than 10s)
Compiling lib/ash_r2rml/ecto.ex (it's taking more than 10s)
Compiling lib/ash_r2rml/dfcm_candidate_set.ex (it's taking more than 10s)
Compiling lib/ash_r2rml/dfcm/storage_probe.ex (it's taking more than 10s)
Compiling lib/ash_r2rml/dfcm.ex (it's taking more than 10s)
Compiling lib/ash_r2rml/alignment.ex (it's taking more than 10s)
Compiling lib/ash_r2rml.ex (it's taking more than 10s)
Compiling lib/ash_r2rml/security.ex (it's taking more than 10s)
Compiling lib/ash_r2rml/renderers.ex (it's taking more than 10s)
Compiling lib/ash_r2rml/semantic_type.ex (it's taking more than 10s)
Compiling lib/ash_r2rml/semantic_ir.ex (it's taking more than 10s)
    warning: unused require Logger
    │
 16 │   require Logger
    │   ~
    │
    └─ lib/ash_r2rml/telemetry/ocel_ash_emitter.ex:16:3

Compiling lib/ash_r2rml/semantic_functions.ex (it's taking more than 10s)
Compiling lib/ash_r2rml/semantic_graphql.ex (it's taking more than 10s)
Compiling lib/ash_r2rml/semantic_renderers.ex (it's taking more than 10s)
Compiling lib/ash_r2rml/reactor_pipeline.ex (it's taking more than 10s)
     warning: this clause of defp spark_resource?/1 is never used (or it will always fail/warn when invoked)
     │
 674 │   defp spark_resource?(_), do: false
     │        ~
     │
     └─ lib/ash_r2rml/resource.ex:674:8: AshR2RML.Resource.LegacyAdapter.spark_resource?/1

    warning: the following conditional expression:

        dest_attr

    will always evaluate to:

        dynamic(not false and not nil)

    where "dest_attr" was given the type:

        # type: dynamic(not false and not nil)
        # from: lib/ash_r2rml/persist_mapping.ex:74:19
        dest_attr = (dsl_rel && Map.get(dsl_rel, :destination_attribute)) || :id

    type warning found at:
    │
 84 │           parent_column: dest_attr && to_string(dest_attr)
    │           ~~~~~~~~~~~~~~~~~~~~~~~~~~~~~~~~~~~~~~~~~~~~~~~~
    │
    └─ lib/ash_r2rml/persist_mapping.ex:84: AshR2RML.PersistMapping.transform/1

     warning: the following conditional expression:

         dest_attr

     will always evaluate to:

         dynamic(not false and not nil)

     where "dest_attr" was given the type:

         # type: dynamic(not false and not nil)
         # from: lib/ash_r2rml/resource.ex:635:27
         dest_attr = (rel && (rel.destination_attribute || Map.get(rel, :destination_attribute))) || :id

     type warning found at:
     │
 642 │                   parent_column: dest_attr && to_string(dest_attr)
     │                   ~~~~~~~~~~~~~~~~~~~~~~~~~~~~~~~~~~~~~~~~~~~~~~~~
     │
     └─ lib/ash_r2rml/resource.ex:642: AshR2RML.Resource.LegacyAdapter.convert/1

     warning: comparison between distinct types found:

         v == nil

     given types:

         binary() == nil

     where "v" was given the type:

         # type: binary()
         # from: lib/ash_r2rml/telemetry/ocel_ash_emitter.ex:173:13
         is_binary(v)

     While Elixir can compare across all types, you are comparing across types which are always disjoint, and the result is either always true or always false

     type warning found at:
     │
 173 │             is_binary(v) and String.ends_with?(to_string(k), "_id") and not is_nil(v) do
     │             ~~~~~~~~~~~~~~~~~~~~~~~~~~~~~~~~~~~~~~~~~~~~~~~~~~~~~~~~~~~~~~~~~~~~~~~~~~~~
     │
     └─ lib/ash_r2rml/telemetry/ocel_ash_emitter.ex:173: AshR2RML.Telemetry.OcelAshEmitter.build_ocel_event/3

     warning: the following clause will never match:

         {:error, []} ->

     because it attempts to match on the result of:

         AshR2RML.Mapping.validate(bundle)

     which has type:

         dynamic(:ok or {:error, not empty_list()})

     type warning found at:
     │
 449 │         {:error, []} -> {:ok, bundle}
     │         ~~~~~~~~~~~~~~~~~~~~~~~~~~~~~
     │
     └─ lib/ash_r2rml/compiler.ex:449: AshR2RML.Compiler.compile_resources/1

    warning: incompatible types given to Map.get/2:

        Map.get(resource_mapping, :module)

    the map:

        dynamic(%AshR2RML.Mapping.Resource{})

    does not have all required keys:

        :module

    therefore this function will always return nil

    where "resource_mapping" was given the type:

        # type: dynamic(%AshR2RML.Mapping.Resource{})
        # from: lib/ash_r2rml/policy.ex:25:36
        %AshR2RML.Mapping.Resource{} = resource_mapping

    type warning found at:
    │
 26 │     resource_module = Map.get(resource_mapping, :ash_resource) || Map.get(resource_mapping, :module)
    │                                                                       ~
    │
    └─ lib/ash_r2rml/policy.ex:26:71: AshR2RML.Policy.filter_for_actor/3

     warning: this clause of defp substitute_field/3 is never used (or it will always fail/warn when invoked)
     │
 443 │   defp substitute_field(_subject_map, _field, _value), do: nil
     │        ~
     │
     └─ lib/ash_r2rml/obda_in_memory.ex:443:8: AshR2RML.OBDA.InMemory.substitute_field/3

     warning: the following clause cannot match because the previous clauses already matched all possible values:

         {:error, reason} ->

     it attempts to match on the result of:

         dispatch_result

     which has the already matched type:

         dynamic({:error, {:offline_buffered, term()}} or {:ok, term()})

     where "reason" was given the type:

         # type: dynamic({:offline_buffered, term()})
         # from: lib/ash_r2rml/telemetry/fly_client.ex
         {:error, reason}

     type warning found at:
     │
 562 │       {:error, reason} ->
     │                        ~
     │
     └─ lib/ash_r2rml/telemetry/fly_client.ex:562:24: AshR2RML.Telemetry.FlyClient.do_flush/1

Generated ash_r2rml app
==> ash_a2a
Compiling 40 files (.ex)
    warning: variable "action" is unused (if the variable is not meant to be used, prefix it with an underscore)
    │
 23 │     with {:ok, skill, action, consequence} <- inspect_target(command, resource_or_domain),
    │                       ~
    │
    └─ lib/ash_a2a/command_bus.ex:23:23: AshA2A.CommandBus.run/4

    warning: def admit/3 has multiple clauses and also declares default values. In such cases, the default values should be defined in a header. Instead of:

        def foo(:first_clause, b \\ :default) do ... end
        def foo(:second_clause, b) do ... end

    one should write:

        def foo(a, b \\ :default)
        def foo(:first_clause, b) do ... end
        def foo(:second_clause, b) do ... end

    the previous clause is defined on line 45

    │
 55 │   def admit(_record, desired_state, _action), do: {:error, {:unknown_a2a_state, desired_state}}
    │       ~
    │
    └─ lib/ash_a2a/task_lifecycle.ex:55:7

    warning: module attribute @impl was not set for function after?/1 callback (specified in Spark.Dsl.Transformer). This either means you forgot to add the "@impl true" annotation before the definition or that you are accidentally overriding this callback
    │
 14 │   def after?(_), do: false
    │   ~~~~~~~~~~~~~~~~~~~~~~~~
    │
    └─ lib/ash_a2a/transformers/build_capability_index.ex:14: AshA2A.Transformers.BuildCapabilityIndex (module)

Generated ash_a2a app
==> ash_money
Compiling 6 files (.ex)
    warning: unused require Igniter.Code.Common
    │
 14 │     require Igniter.Code.Common
    │     ~
    │
    └─ lib/mix/tasks/ash_money.add_to_ash_postgres.ex:14:5

     warning: the following clause will never match:

         {:error, other} ->

     because it attempts to match on the result of:

         cast_input(value, constraints)

     which has type:

         dynamic({:ok, %Money{format_options: empty_list() or non_empty_list(term(), term())}})

     type warning found at:
     │
 355 │   @doc """
     │   ~~~~~~~~
     │
     └─ /Users/sac/wt/v26922/v23/R1-X-LOCK/deps/ash/lib/ash/type/type.ex:355: AshMoney.Types.Money.cast_atomic/2

     warning: the following clause cannot match because the previous clauses already matched all possible values:

         _ ->

     it attempts to match on the result of:

         Money.mult(left, right)

     which has the already matched type:

         dynamic({:ok, %Money{}})

     type warning found at:
     │
 278 │       _ ->
     │         ~
     │
     └─ lib/ash_money/types/money.ex:278:9: AshMoney.Types.Money.evaluate_operator/1

     warning: the following clause cannot match because the previous clauses already matched all possible values:

         _ ->

     it attempts to match on the result of:

         Money.mult(right, left)

     which has the already matched type:

         dynamic({:ok, %Money{}})

     type warning found at:
     │
 292 │       _ ->
     │         ~
     │
     └─ lib/ash_money/types/money.ex:292:9: AshMoney.Types.Money.evaluate_operator/1

     warning: the following clause cannot match because the previous clauses already matched all possible values:

         _ ->

     it attempts to match on the result of:

         Money.mult(left, right)

     which has the already matched type:

         dynamic({:ok, %Money{}})

     type warning found at:
     │
 305 │       _ ->
     │         ~
     │
     └─ lib/ash_money/types/money.ex:305:9: AshMoney.Types.Money.evaluate_operator/1

     warning: the following clause cannot match because the previous clauses already matched all possible values:

         _ ->

     it attempts to match on the result of:

         Money.mult(right, left)

     which has the already matched type:

         dynamic({:ok, %Money{}})

     type warning found at:
     │
 318 │       _ ->
     │         ~
     │
     └─ lib/ash_money/types/money.ex:318:9: AshMoney.Types.Money.evaluate_operator/1

Generated ash_money app
     warning: the following clause cannot match because the previous clauses already matched all possible values:

         version ->

     it attempts to match on the result of:

         System.get_env("ASH_VERSION")

     which has the already matched type:

         dynamic(nil or binary())

     where "version" was given the type:

         # type: dynamic(nil or binary())
         # from: mix.exs:185:7
         version

     type warning found at:
     │
 185 │       version ->
     │               ~
     │
     └─ mix.exs:185:15: AshDoubleEntry.MixProject.ash_version/1

==> ash_double_entry
Compiling 17 files (.ex)
Generated ash_double_entry app
==> ash_archival
Compiling 8 files (.ex)
Generated ash_archival app
==> xaas
Compiling 520 files (.ex)
Compiling lib/mix/tasks/xaas.autonomic.controls.ex (it's taking more than 10s)
Compiling lib/xaas/governance/internal_api_token_auth.ex (it's taking more than 10s)
Compiling lib/xaas/dev_seeds.ex (it's taking more than 10s)
Compiling lib/mix/tasks/xaas.ultracode.learn.ex (it's taking more than 10s)
Compiling lib/xaas/platform/webhook.ex (it's taking more than 10s)
Compiling lib/xaas/platform/route_projects_backups.ex (it's taking more than 10s)
Compiling lib/xaas/operations/incident.ex (it's taking more than 10s)
Compiling lib/xaas/library/explainer/template_adapter.ex (it's taking more than 10s)
Compiling lib/xaas/library/explainer.ex (it's taking more than 10s)
Compiling lib/xaas/library/changes/fulfill_next_hold.ex (it's taking more than 10s)
Compiling lib/xaas/ocel/event_object.ex (it's taking more than 10s)
Compiling lib/xaas/ocel/event.ex (it's taking more than 10s)
Compiling lib/xaas/operations/actuation_intent.ex (it's taking more than 10s)
Compiling lib/xaas/marketplace/provider.ex (it's taking more than 10s)
Compiling lib/xaas/operations/actuation_receipt.ex (it's taking more than 10s)
Compiling lib/xaas/marketplace/approval_provider_status_change.ex (it's taking more than 10s)
Compiling lib/xaas/library/school.ex (it's taking more than 10s)
Compiling lib/xaas/library/recommendation_log.ex (it's taking more than 10s)
Compiling lib/xaas/library/curation.ex (it's taking more than 10s)
Compiling lib/xaas/ledger/event_log.ex (it's taking more than 10s)
Compiling lib/xaas/library/checkout.ex (it's taking more than 10s)
Compiling lib/xaas/library/persona_grant.ex (it's taking more than 10s)
Compiling lib/xaas/library/book.ex (it's taking more than 10s)
Compiling lib/xaas/governance/freeze_window.ex (it's taking more than 10s)
    warning: unused require Ash.Query
    │
 78 │   require Ash.Query
    │   ~
    │
    └─ lib/xaas/ultracode/semantic_drive.ex:78:3

Compiling lib/xaas/accounts/user.ex (it's taking more than 10s)
Compilation failed due to warnings while using the --warnings-as-errors option
